assignor;receiver;yield_contract;receiving_contract;year;lines
ComTel;SurTel;prepaid;prepaid;2014;112
ComTel;SurTel;postpaid;postpaid;2014;776
ComTel;PeruTel;prepaid;prepaid;2014;162
ComTel;PeruTel;postpaid;postpaid;2014;582
ComTel;SurTel;prepaid;prepaid;2014;294
ComTel;SurTel;postpaid;postpaid;2014;985
ComTel;PeruTel;prepaid;prepaid;2014;557
ComTel;PeruTel;postpaid;postpaid;2014;1489
ComTel;OrientTel;prepaid;prepaid;2014;28
ComTel;OrientTel;postpaid;postpaid;2014;47
ComTel;SurTel;prepaid;prepaid;2014;712
ComTel;SurTel;postpaid;postpaid;2014;998
ComTel;PeruTel;prepaid;prepaid;2014;674
ComTel;PeruTel;postpaid;postpaid;2014;2215
ComTel;OrientTel;prepaid;prepaid;2014;147
ComTel;OrientTel;postpaid;postpaid;2014;129
ComTel;SurTel;prepaid;prepaid;2014;1526
ComTel;SurTel;postpaid;postpaid;2014;11820
ComTel;PeruTel;prepaid;prepaid;2014;1003
ComTel;PeruTel;postpaid;postpaid;2014;4966
ComTel;OrientTel;prepaid;prepaid;2014;217
ComTel;OrientTel;postpaid;postpaid;2014;219
ComTel;SurTel;prepaid;prepaid;2014;1830
ComTel;SurTel;postpaid;postpaid;2014;15114
ComTel;PeruTel;prepaid;prepaid;2014;2216
ComTel;PeruTel;postpaid;postpaid;2014;6651
ComTel;OrientTel;prepaid;prepaid;2014;335
ComTel;OrientTel;postpaid;postpaid;2014;288
ComTel;SurTel;prepaid;prepaid;2014;1370
ComTel;SurTel;postpaid;postpaid;2014;10886
ComTel;PeruTel;prepaid;prepaid;2014;2174
ComTel;PeruTel;postpaid;postpaid;2014;6343
ComTel;OrientTel;prepaid;prepaid;2014;298
ComTel;OrientTel;postpaid;postpaid;2014;259
ComTel;SurTel;prepaid;prepaid;2015;1741
ComTel;SurTel;postpaid;postpaid;2015;7860
ComTel;PeruTel;prepaid;prepaid;2015;1902
ComTel;PeruTel;postpaid;postpaid;2015;5132
ComTel;OrientTel;prepaid;prepaid;2015;304
ComTel;OrientTel;postpaid;postpaid;2015;197
ComTel;SurTel;prepaid;prepaid;2015;2376
ComTel;SurTel;postpaid;postpaid;2015;8311
ComTel;PeruTel;prepaid;prepaid;2015;1826
ComTel;PeruTel;postpaid;postpaid;2015;3773
ComTel;OrientTel;prepaid;prepaid;2015;261
ComTel;OrientTel;postpaid;postpaid;2015;138
ComTel;SurTel;prepaid;prepaid;2015;3477
ComTel;SurTel;postpaid;postpaid;2015;12403
ComTel;PeruTel;prepaid;prepaid;2015;2005
ComTel;PeruTel;postpaid;postpaid;2015;7705
ComTel;OrientTel;prepaid;prepaid;2015;306
ComTel;OrientTel;postpaid;postpaid;2015;148
ComTel;SurTel;prepaid;prepaid;2015;2676
ComTel;SurTel;postpaid;postpaid;2015;11513
ComTel;PeruTel;prepaid;prepaid;2015;2282
ComTel;PeruTel;postpaid;postpaid;2015;5318
ComTel;OrientTel;prepaid;prepaid;2015;373
ComTel;OrientTel;postpaid;postpaid;2015;158
ComTel;SurTel;prepaid;prepaid;2015;1591
ComTel;SurTel;postpaid;postpaid;2015;12446
ComTel;PeruTel;prepaid;prepaid;2015;2304
ComTel;PeruTel;postpaid;postpaid;2015;5310
ComTel;OrientTel;prepaid;prepaid;2015;545
ComTel;OrientTel;postpaid;postpaid;2015;295
ComTel;SurTel;prepaid;prepaid;2015;1353
ComTel;SurTel;postpaid;postpaid;2015;10856
ComTel;PeruTel;prepaid;prepaid;2015;2667
ComTel;PeruTel;postpaid;postpaid;2015;4414
ComTel;OrientTel;prepaid;prepaid;2015;866
ComTel;OrientTel;postpaid;postpaid;2015;425
ComTel;SurTel;prepaid;prepaid;2015;1739
ComTel;SurTel;postpaid;postpaid;2015;13227
ComTel;PeruTel;prepaid;prepaid;2015;6642
ComTel;PeruTel;postpaid;postpaid;2015;5662
ComTel;OrientTel;prepaid;prepaid;2015;1350
ComTel;OrientTel;postpaid;postpaid;2015;799
ComTel;SurTel;prepaid;prepaid;2015;2133
ComTel;SurTel;postpaid;postpaid;2015;14961
ComTel;PeruTel;prepaid;prepaid;2015;4551
ComTel;PeruTel;postpaid;postpaid;2015;3880
ComTel;OrientTel;prepaid;prepaid;2015;1701
ComTel;OrientTel;postpaid;postpaid;2015;1077
ComTel;SurTel;prepaid;prepaid;2015;2547
ComTel;SurTel;postpaid;postpaid;2015;17305
ComTel;PeruTel;prepaid;prepaid;2015;3722
ComTel;PeruTel;postpaid;postpaid;2015;3326
ComTel;OrientTel;prepaid;prepaid;2015;2133
ComTel;OrientTel;postpaid;postpaid;2015;1282
ComTel;SurTel;prepaid;prepaid;2015;2891
ComTel;SurTel;postpaid;postpaid;2015;19742
ComTel;PeruTel;prepaid;prepaid;2015;4005
ComTel;PeruTel;postpaid;postpaid;2015;4243
ComTel;OrientTel;prepaid;prepaid;2015;1835
ComTel;OrientTel;postpaid;postpaid;2015;1177
ComTel;SurTel;prepaid;prepaid;2015;3242
ComTel;SurTel;postpaid;postpaid;2015;16172
ComTel;PeruTel;prepaid;prepaid;2015;3427
ComTel;PeruTel;postpaid;postpaid;2015;4786
ComTel;OrientTel;prepaid;prepaid;2015;1246
ComTel;OrientTel;postpaid;postpaid;2015;740
ComTel;SurTel;prepaid;prepaid;2015;3438
ComTel;SurTel;postpaid;postpaid;2015;18925
ComTel;PeruTel;prepaid;prepaid;2015;4183
ComTel;PeruTel;postpaid;postpaid;2015;7582
ComTel;OrientTel;prepaid;prepaid;2015;1567
ComTel;OrientTel;postpaid;postpaid;2015;909
ComTel;SurTel;prepaid;prepaid;2016;3133
ComTel;SurTel;postpaid;postpaid;2016;13011
ComTel;PeruTel;prepaid;prepaid;2016;3418
ComTel;PeruTel;postpaid;postpaid;2016;4351
ComTel;OrientTel;prepaid;prepaid;2016;1562
ComTel;OrientTel;postpaid;postpaid;2016;898
ComTel;SurTel;prepaid;prepaid;2016;5744
ComTel;SurTel;postpaid;postpaid;2016;11215
ComTel;PeruTel;prepaid;prepaid;2016;2843
ComTel;PeruTel;postpaid;postpaid;2016;5762
ComTel;OrientTel;prepaid;prepaid;2016;1374
ComTel;OrientTel;postpaid;postpaid;2016;911
ComTel;SurTel;prepaid;prepaid;2016;7388
ComTel;SurTel;postpaid;postpaid;2016;12776
ComTel;PeruTel;prepaid;prepaid;2016;2924
ComTel;PeruTel;postpaid;postpaid;2016;5412
ComTel;OrientTel;prepaid;prepaid;2016;1542
ComTel;OrientTel;postpaid;postpaid;2016;1018
ComTel;SurTel;prepaid;prepaid;2016;8663
ComTel;SurTel;postpaid;postpaid;2016;13237
ComTel;PeruTel;prepaid;prepaid;2016;3132
ComTel;PeruTel;postpaid;postpaid;2016;5250
ComTel;OrientTel;prepaid;prepaid;2016;1442
ComTel;OrientTel;postpaid;postpaid;2016;1101
ComTel;SurTel;prepaid;prepaid;2016;9423
ComTel;SurTel;postpaid;postpaid;2016;14371
ComTel;PeruTel;prepaid;prepaid;2016;7375
ComTel;PeruTel;postpaid;postpaid;2016;6846
ComTel;OrientTel;prepaid;prepaid;2016;1449
ComTel;OrientTel;postpaid;postpaid;2016;1146
ComTel;SurTel;prepaid;prepaid;2016;8665
ComTel;SurTel;postpaid;postpaid;2016;11215
ComTel;Others;prepaid;prepaid;2016;2
ComTel;PeruTel;prepaid;prepaid;2016;8988
ComTel;PeruTel;postpaid;postpaid;2016;5623
ComTel;OrientTel;prepaid;prepaid;2016;1486
ComTel;OrientTel;postpaid;postpaid;2016;1098
ComTel;SurTel;prepaid;prepaid;2016;8785
ComTel;SurTel;postpaid;postpaid;2016;12257
ComTel;Others;prepaid;prepaid;2016;208
ComTel;Others;postpaid;postpaid;2016;50
ComTel;PeruTel;prepaid;prepaid;2016;13298
ComTel;PeruTel;postpaid;postpaid;2016;6916
ComTel;OrientTel;prepaid;prepaid;2016;1801
ComTel;OrientTel;postpaid;postpaid;2016;1347
ComTel;SurTel;prepaid;prepaid;2016;9657
ComTel;SurTel;postpaid;postpaid;2016;16810
ComTel;Others;prepaid;prepaid;2016;758
ComTel;Others;postpaid;postpaid;2016;160
ComTel;PeruTel;prepaid;prepaid;2016;15553
ComTel;PeruTel;postpaid;postpaid;2016;7513
ComTel;OrientTel;prepaid;prepaid;2016;2665
ComTel;OrientTel;postpaid;postpaid;2016;1947
ComTel;SurTel;prepaid;prepaid;2016;9397
ComTel;SurTel;postpaid;postpaid;2016;17041
ComTel;Others;prepaid;prepaid;2016;587
ComTel;Others;postpaid;postpaid;2016;126
ComTel;PeruTel;prepaid;prepaid;2016;18277
ComTel;PeruTel;postpaid;postpaid;2016;8677
ComTel;OrientTel;prepaid;prepaid;2016;2371
ComTel;OrientTel;postpaid;postpaid;2016;1638
ComTel;SurTel;prepaid;prepaid;2016;10711
ComTel;SurTel;postpaid;postpaid;2016;18753
ComTel;Others;prepaid;prepaid;2016;486
ComTel;Others;postpaid;postpaid;2016;97
ComTel;PeruTel;prepaid;prepaid;2016;18014
ComTel;PeruTel;postpaid;postpaid;2016;9136
ComTel;OrientTel;prepaid;prepaid;2016;2291
ComTel;OrientTel;postpaid;postpaid;2016;1147
ComTel;SurTel;prepaid;prepaid;2016;10930
ComTel;SurTel;postpaid;postpaid;2016;16268
ComTel;Others;prepaid;prepaid;2016;411
ComTel;Others;postpaid;postpaid;2016;72
ComTel;PeruTel;prepaid;prepaid;2016;21043
ComTel;PeruTel;postpaid;postpaid;2016;8275
ComTel;OrientTel;prepaid;prepaid;2016;2263
ComTel;OrientTel;postpaid;postpaid;2016;990
ComTel;SurTel;prepaid;prepaid;2016;13395
ComTel;SurTel;postpaid;postpaid;2016;16662
ComTel;Others;prepaid;prepaid;2016;478
ComTel;Others;postpaid;postpaid;2016;48
ComTel;PeruTel;prepaid;prepaid;2016;37837
ComTel;PeruTel;postpaid;postpaid;2016;11716
ComTel;OrientTel;prepaid;prepaid;2016;2538
ComTel;OrientTel;postpaid;postpaid;2016;1049
ComTel;SurTel;prepaid;prepaid;2017;10848
ComTel;SurTel;postpaid;postpaid;2017;15501
ComTel;Others;prepaid;prepaid;2017;426
ComTel;Others;postpaid;postpaid;2017;83
ComTel;PeruTel;prepaid;prepaid;2017;13579
ComTel;PeruTel;postpaid;postpaid;2017;9941
ComTel;OrientTel;prepaid;prepaid;2017;2887
ComTel;OrientTel;postpaid;postpaid;2017;2090
ComTel;SurTel;prepaid;prepaid;2017;9098
ComTel;SurTel;postpaid;postpaid;2017;14993
ComTel;Others;prepaid;prepaid;2017;388
ComTel;Others;postpaid;postpaid;2017;60
ComTel;PeruTel;prepaid;prepaid;2017;8157
ComTel;PeruTel;postpaid;postpaid;2017;12549
ComTel;OrientTel;prepaid;prepaid;2017;2527
ComTel;OrientTel;postpaid;postpaid;2017;2044
ComTel;SurTel;prepaid;prepaid;2017;12414
ComTel;SurTel;postpaid;postpaid;2017;17634
ComTel;Others;prepaid;prepaid;2017;330
ComTel;Others;postpaid;postpaid;2017;63
ComTel;PeruTel;prepaid;prepaid;2017;9344
ComTel;PeruTel;postpaid;postpaid;2017;10966
ComTel;OrientTel;prepaid;prepaid;2017;2658
ComTel;OrientTel;postpaid;postpaid;2017;2147
ComTel;SurTel;prepaid;prepaid;2017;12638
ComTel;SurTel;postpaid;postpaid;2017;18892
ComTel;Others;prepaid;prepaid;2017;257
ComTel;Others;postpaid;postpaid;2017;36
ComTel;PeruTel;prepaid;prepaid;2017;8154
ComTel;PeruTel;postpaid;postpaid;2017;8471
ComTel;OrientTel;prepaid;prepaid;2017;2420
ComTel;OrientTel;postpaid;postpaid;2017;2124
ComTel;SurTel;prepaid;prepaid;2017;16921
ComTel;SurTel;postpaid;postpaid;2017;23273
ComTel;Others;prepaid;prepaid;2017;32
ComTel;Others;postpaid;postpaid;2017;13
ComTel;PeruTel;prepaid;prepaid;2017;7490
ComTel;PeruTel;postpaid;postpaid;2017;9327
ComTel;OrientTel;prepaid;prepaid;2017;2597
ComTel;OrientTel;postpaid;postpaid;2017;2132
ComTel;SurTel;prepaid;prepaid;2017;15725
ComTel;SurTel;postpaid;postpaid;2017;18263
ComTel;Others;prepaid;prepaid;2017;6
ComTel;Others;postpaid;postpaid;2017;1
ComTel;PeruTel;prepaid;prepaid;2017;5455
ComTel;PeruTel;postpaid;postpaid;2017;7763
ComTel;OrientTel;prepaid;prepaid;2017;2652
ComTel;OrientTel;postpaid;postpaid;2017;2141
ComTel;SurTel;prepaid;prepaid;2017;18545
ComTel;SurTel;postpaid;postpaid;2017;20797
ComTel;Others;prepaid;prepaid;2017;4
ComTel;Others;postpaid;postpaid;2017;5
ComTel;PeruTel;prepaid;prepaid;2017;8110
ComTel;PeruTel;postpaid;postpaid;2017;9749
ComTel;OrientTel;prepaid;prepaid;2017;2986
ComTel;OrientTel;postpaid;postpaid;2017;2409
ComTel;SurTel;prepaid;prepaid;2017;24067
ComTel;SurTel;postpaid;postpaid;2017;26837
ComTel;Others;postpaid;postpaid;2017;1
ComTel;PeruTel;prepaid;prepaid;2017;11291
ComTel;PeruTel;postpaid;postpaid;2017;13676
ComTel;OrientTel;prepaid;prepaid;2017;3587
ComTel;OrientTel;postpaid;postpaid;2017;2496
ComTel;SurTel;prepaid;prepaid;2017;26360
ComTel;SurTel;postpaid;postpaid;2017;22289
ComTel;PeruTel;prepaid;prepaid;2017;13637
ComTel;PeruTel;postpaid;postpaid;2017;17612
ComTel;OrientTel;prepaid;prepaid;2017;3721
ComTel;OrientTel;postpaid;postpaid;2017;2728
ComTel;SurTel;prepaid;prepaid;2017;30085
ComTel;SurTel;postpaid;postpaid;2017;23467
ComTel;PeruTel;prepaid;prepaid;2017;15639
ComTel;PeruTel;postpaid;postpaid;2017;16740
ComTel;OrientTel;prepaid;prepaid;2017;4146
ComTel;OrientTel;postpaid;postpaid;2017;3059
ComTel;SurTel;prepaid;prepaid;2017;32103
ComTel;SurTel;postpaid;postpaid;2017;24704
ComTel;Others;prepaid;prepaid;2017;4
ComTel;PeruTel;prepaid;prepaid;2017;17555
ComTel;PeruTel;postpaid;postpaid;2017;15906
ComTel;OrientTel;prepaid;prepaid;2017;4183
ComTel;OrientTel;postpaid;postpaid;2017;2735
ComTel;SurTel;prepaid;prepaid;2017;42102
ComTel;SurTel;postpaid;postpaid;2017;29962
ComTel;PeruTel;prepaid;prepaid;2017;22562
ComTel;PeruTel;postpaid;postpaid;2017;20762
ComTel;OrientTel;prepaid;prepaid;2017;4759
ComTel;OrientTel;postpaid;postpaid;2017;2968
ComTel;SurTel;prepaid;prepaid;2018;35911
ComTel;SurTel;postpaid;postpaid;2018;24116
ComTel;PeruTel;prepaid;prepaid;2018;31784
ComTel;PeruTel;postpaid;postpaid;2018;22486
ComTel;OrientTel;prepaid;prepaid;2018;5658
ComTel;OrientTel;postpaid;postpaid;2018;4104
ComTel;SurTel;prepaid;prepaid;2018;33865
ComTel;SurTel;postpaid;postpaid;2018;24256
ComTel;PeruTel;prepaid;prepaid;2018;52974
ComTel;PeruTel;postpaid;postpaid;2018;19321
ComTel;OrientTel;prepaid;prepaid;2018;5742
ComTel;OrientTel;postpaid;postpaid;2018;3870
ComTel;SurTel;prepaid;prepaid;2018;38963
ComTel;SurTel;postpaid;postpaid;2018;28616
ComTel;PeruTel;prepaid;prepaid;2018;59274
ComTel;PeruTel;postpaid;postpaid;2018;20275
ComTel;OrientTel;prepaid;prepaid;2018;6978
ComTel;OrientTel;postpaid;postpaid;2018;5784
ComTel;SurTel;prepaid;prepaid;2018;40119
ComTel;SurTel;postpaid;postpaid;2018;30318
ComTel;PeruTel;prepaid;prepaid;2018;55303
ComTel;PeruTel;postpaid;postpaid;2018;26191
ComTel;OrientTel;prepaid;prepaid;2018;9755
ComTel;OrientTel;postpaid;postpaid;2018;7393
ComTel;SurTel;prepaid;prepaid;2018;46896
ComTel;SurTel;postpaid;postpaid;2018;39203
ComTel;Others;postpaid;postpaid;2018;1
ComTel;PeruTel;prepaid;prepaid;2018;55485
ComTel;PeruTel;postpaid;postpaid;2018;25195
ComTel;OrientTel;prepaid;prepaid;2018;13698
ComTel;OrientTel;postpaid;postpaid;2018;8426
ComTel;SurTel;prepaid;prepaid;2018;43942
ComTel;SurTel;postpaid;postpaid;2018;28046
ComTel;PeruTel;prepaid;prepaid;2018;45494
ComTel;PeruTel;postpaid;postpaid;2018;23716
ComTel;OrientTel;prepaid;prepaid;2018;18189
ComTel;OrientTel;postpaid;postpaid;2018;8482
ComTel;SurTel;prepaid;prepaid;2018;53831
ComTel;SurTel;postpaid;postpaid;2018;30992
ComTel;Others;prepaid;prepaid;2018;1
ComTel;PeruTel;prepaid;prepaid;2018;51442
ComTel;PeruTel;postpaid;postpaid;2018;26157
ComTel;OrientTel;prepaid;prepaid;2018;25042
ComTel;OrientTel;postpaid;postpaid;2018;11874
ComTel;SurTel;prepaid;prepaid;2018;56301
ComTel;SurTel;postpaid;postpaid;2018;27243
ComTel;PeruTel;prepaid;prepaid;2018;48041
ComTel;PeruTel;postpaid;postpaid;2018;23255
ComTel;OrientTel;prepaid;prepaid;2018;26490
ComTel;OrientTel;postpaid;postpaid;2018;13002
ComTel;SurTel;prepaid;prepaid;2018;59974
ComTel;SurTel;postpaid;postpaid;2018;27673
ComTel;PeruTel;prepaid;prepaid;2018;72012
ComTel;PeruTel;postpaid;postpaid;2018;24355
ComTel;OrientTel;prepaid;prepaid;2018;30315
ComTel;OrientTel;postpaid;postpaid;2018;15520
ComTel;SurTel;prepaid;prepaid;2018;63485
ComTel;SurTel;postpaid;postpaid;2018;27433
ComTel;PeruTel;prepaid;prepaid;2018;74410
ComTel;PeruTel;postpaid;postpaid;2018;21688
ComTel;OrientTel;prepaid;prepaid;2018;28017
ComTel;OrientTel;postpaid;postpaid;2018;13256
ComTel;SurTel;prepaid;prepaid;2018;54352
ComTel;SurTel;postpaid;prepaid;2018;970
ComTel;SurTel;prepaid;postpaid;2018;8451
ComTel;SurTel;postpaid;postpaid;2018;27921
ComTel;PeruTel;prepaid;prepaid;2018;66813
ComTel;PeruTel;postpaid;prepaid;2018;399
ComTel;PeruTel;prepaid;postpaid;2018;21812
ComTel;PeruTel;postpaid;postpaid;2018;28915
ComTel;OrientTel;prepaid;prepaid;2018;17802
ComTel;OrientTel;postpaid;prepaid;2018;857
ComTel;OrientTel;prepaid;postpaid;2018;9292
ComTel;OrientTel;postpaid;postpaid;2018;10391
ComTel;SurTel;prepaid;prepaid;2018;62975
ComTel;SurTel;postpaid;prepaid;2018;952
ComTel;SurTel;prepaid;postpaid;2018;8394
ComTel;SurTel;postpaid;postpaid;2018;31042
ComTel;PeruTel;prepaid;prepaid;2018;80818
ComTel;PeruTel;postpaid;prepaid;2018;150
ComTel;PeruTel;prepaid;postpaid;2018;1708
ComTel;PeruTel;postpaid;postpaid;2018;27096
ComTel;OrientTel;prepaid;prepaid;2018;19767
ComTel;OrientTel;postpaid;prepaid;2018;951
ComTel;OrientTel;prepaid;postpaid;2018;9052
ComTel;OrientTel;postpaid;postpaid;2018;10412
ComTel;SurTel;prepaid;prepaid;2019;67256
ComTel;SurTel;postpaid;prepaid;2019;819
ComTel;SurTel;prepaid;postpaid;2019;6808
ComTel;SurTel;postpaid;postpaid;2019;23138
ComTel;PeruTel;prepaid;prepaid;2019;81915
ComTel;PeruTel;postpaid;prepaid;2019;115
ComTel;PeruTel;prepaid;postpaid;2019;437
ComTel;PeruTel;postpaid;postpaid;2019;21195
ComTel;OrientTel;prepaid;prepaid;2019;23097
ComTel;OrientTel;postpaid;prepaid;2019;1067
ComTel;OrientTel;prepaid;postpaid;2019;9628
ComTel;OrientTel;postpaid;postpaid;2019;11216
ComTel;SurTel;prepaid;prepaid;2019;54122
ComTel;SurTel;postpaid;prepaid;2019;702
ComTel;SurTel;prepaid;postpaid;2019;6269
ComTel;SurTel;postpaid;postpaid;2019;23569
ComTel;PeruTel;prepaid;prepaid;2019;72219
ComTel;PeruTel;postpaid;prepaid;2019;171
ComTel;PeruTel;prepaid;postpaid;2019;475
ComTel;PeruTel;postpaid;postpaid;2019;20700
ComTel;OrientTel;prepaid;prepaid;2019;25085
ComTel;OrientTel;postpaid;prepaid;2019;1055
ComTel;OrientTel;prepaid;postpaid;2019;7811
ComTel;OrientTel;postpaid;postpaid;2019;9535
ComTel;SurTel;prepaid;prepaid;2019;57664
ComTel;SurTel;postpaid;prepaid;2019;567
ComTel;SurTel;prepaid;postpaid;2019;4520
ComTel;SurTel;postpaid;postpaid;2019;22529
ComTel;PeruTel;prepaid;prepaid;2019;73983
ComTel;PeruTel;postpaid;prepaid;2019;126
ComTel;PeruTel;prepaid;postpaid;2019;1196
ComTel;PeruTel;postpaid;postpaid;2019;16898
ComTel;OrientTel;prepaid;prepaid;2019;25681
ComTel;OrientTel;postpaid;prepaid;2019;897
ComTel;OrientTel;prepaid;postpaid;2019;7809
ComTel;OrientTel;postpaid;postpaid;2019;8677
ComTel;SurTel;prepaid;prepaid;2019;45904
ComTel;SurTel;postpaid;prepaid;2019;1332
ComTel;SurTel;prepaid;postpaid;2019;4991
ComTel;SurTel;postpaid;postpaid;2019;28562
ComTel;PeruTel;prepaid;prepaid;2019;69771
ComTel;PeruTel;postpaid;prepaid;2019;153
ComTel;PeruTel;prepaid;postpaid;2019;1744
ComTel;PeruTel;postpaid;postpaid;2019;18845
ComTel;OrientTel;prepaid;prepaid;2019;31071
ComTel;OrientTel;postpaid;prepaid;2019;1946
ComTel;OrientTel;prepaid;postpaid;2019;10386
ComTel;OrientTel;postpaid;postpaid;2019;11125
ComTel;SurTel;prepaid;prepaid;2019;41731
ComTel;SurTel;postpaid;prepaid;2019;1140
ComTel;SurTel;prepaid;postpaid;2019;6734
ComTel;SurTel;postpaid;postpaid;2019;29594
ComTel;PeruTel;prepaid;prepaid;2019;77327
ComTel;PeruTel;postpaid;prepaid;2019;99
ComTel;PeruTel;prepaid;postpaid;2019;593
ComTel;PeruTel;postpaid;postpaid;2019;20427
ComTel;OrientTel;prepaid;prepaid;2019;22468
ComTel;OrientTel;postpaid;prepaid;2019;1951
ComTel;OrientTel;prepaid;postpaid;2019;9353
ComTel;OrientTel;postpaid;postpaid;2019;10098
ComTel;SurTel;prepaid;prepaid;2019;26304
ComTel;SurTel;postpaid;prepaid;2019;712
ComTel;SurTel;prepaid;postpaid;2019;6769
ComTel;SurTel;postpaid;postpaid;2019;26396
ComTel;PeruTel;prepaid;prepaid;2019;53746
ComTel;PeruTel;postpaid;prepaid;2019;42
ComTel;PeruTel;prepaid;postpaid;2019;433
ComTel;PeruTel;postpaid;postpaid;2019;19885
ComTel;OrientTel;prepaid;prepaid;2019;13496
ComTel;OrientTel;postpaid;prepaid;2019;862
ComTel;OrientTel;prepaid;postpaid;2019;8370
ComTel;OrientTel;postpaid;postpaid;2019;9339
ComTel;SurTel;prepaid;prepaid;2019;17058
ComTel;SurTel;postpaid;prepaid;2019;592
ComTel;SurTel;prepaid;postpaid;2019;6550
ComTel;SurTel;postpaid;postpaid;2019;24776
ComTel;Others;prepaid;prepaid;2019;2
ComTel;PeruTel;prepaid;prepaid;2019;39181
ComTel;PeruTel;postpaid;prepaid;2019;80
ComTel;PeruTel;prepaid;postpaid;2019;197
ComTel;PeruTel;postpaid;postpaid;2019;20521
ComTel;OrientTel;prepaid;prepaid;2019;14526
ComTel;OrientTel;postpaid;prepaid;2019;969
ComTel;OrientTel;prepaid;postpaid;2019;8126
ComTel;OrientTel;postpaid;postpaid;2019;9428
ComTel;SurTel;prepaid;prepaid;2019;13135
ComTel;SurTel;postpaid;prepaid;2019;515
ComTel;SurTel;prepaid;postpaid;2019;6121
ComTel;SurTel;postpaid;postpaid;2019;25087
ComTel;Others;prepaid;prepaid;2019;9
ComTel;Others;postpaid;prepaid;2019;1
ComTel;PeruTel;prepaid;prepaid;2019;30739
ComTel;PeruTel;postpaid;prepaid;2019;127
ComTel;PeruTel;prepaid;postpaid;2019;46
ComTel;PeruTel;postpaid;postpaid;2019;18539
ComTel;OrientTel;prepaid;prepaid;2019;16891
ComTel;OrientTel;postpaid;prepaid;2019;1097
ComTel;OrientTel;prepaid;postpaid;2019;8660
ComTel;OrientTel;postpaid;postpaid;2019;9760
ComTel;SurTel;prepaid;prepaid;2019;12540
ComTel;SurTel;postpaid;prepaid;2019;626
ComTel;SurTel;prepaid;postpaid;2019;6150
ComTel;SurTel;postpaid;postpaid;2019;24490
ComTel;Others;prepaid;prepaid;2019;5
ComTel;PeruTel;prepaid;prepaid;2019;26912
ComTel;PeruTel;postpaid;prepaid;2019;143
ComTel;PeruTel;prepaid;postpaid;2019;62
ComTel;PeruTel;postpaid;postpaid;2019;16461
ComTel;OrientTel;prepaid;prepaid;2019;13212
ComTel;OrientTel;postpaid;prepaid;2019;897
ComTel;OrientTel;prepaid;postpaid;2019;7747
ComTel;OrientTel;postpaid;postpaid;2019;8206
ComTel;SurTel;prepaid;prepaid;2019;15187
ComTel;SurTel;postpaid;prepaid;2019;748
ComTel;SurTel;prepaid;postpaid;2019;6354
ComTel;SurTel;postpaid;postpaid;2019;22660
ComTel;Others;prepaid;prepaid;2019;15
ComTel;Others;postpaid;prepaid;2019;8
ComTel;Others;prepaid;prepaid;2019;4
ComTel;Others;postpaid;prepaid;2019;3
ComTel;PeruTel;prepaid;prepaid;2019;22315
ComTel;PeruTel;prepaid;postpaid;2019;20
ComTel;PeruTel;postpaid;postpaid;2019;16042
ComTel;OrientTel;prepaid;prepaid;2019;12524
ComTel;OrientTel;postpaid;prepaid;2019;880
ComTel;OrientTel;prepaid;postpaid;2019;6958
ComTel;OrientTel;postpaid;postpaid;2019;7505
ComTel;SurTel;prepaid;prepaid;2019;12682
ComTel;SurTel;postpaid;prepaid;2019;602
ComTel;SurTel;prepaid;postpaid;2019;5965
ComTel;SurTel;postpaid;postpaid;2019;24094
ComTel;Others;prepaid;prepaid;2019;14
ComTel;Others;postpaid;prepaid;2019;12
ComTel;Others;prepaid;prepaid;2019;6
ComTel;PeruTel;prepaid;prepaid;2019;18131
ComTel;PeruTel;postpaid;prepaid;2019;3
ComTel;PeruTel;prepaid;postpaid;2019;19
ComTel;PeruTel;postpaid;postpaid;2019;14204
ComTel;OrientTel;prepaid;prepaid;2019;12455
ComTel;OrientTel;postpaid;prepaid;2019;777
ComTel;OrientTel;prepaid;postpaid;2019;5865
ComTel;OrientTel;postpaid;postpaid;2019;7165
ComTel;SurTel;postpaid;postpaid;2019;31170
ComTel;SurTel;prepaid;postpaid;2019;5902
ComTel;SurTel;prepaid;prepaid;2019;8319
ComTel;SurTel;postpaid;prepaid;2019;469
ComTel;Others;prepaid;prepaid;2019;26
ComTel;Others;postpaid;prepaid;2019;13
ComTel;Others;prepaid;prepaid;2019;8
ComTel;Others;postpaid;prepaid;2019;3
ComTel;PeruTel;prepaid;prepaid;2019;14512
ComTel;PeruTel;postpaid;postpaid;2019;14053
ComTel;PeruTel;prepaid;postpaid;2019;16
ComTel;PeruTel;postpaid;prepaid;2019;39
ComTel;OrientTel;prepaid;prepaid;2019;11032
ComTel;OrientTel;postpaid;postpaid;2019;6734
ComTel;OrientTel;prepaid;postpaid;2019;5488
ComTel;OrientTel;postpaid;prepaid;2019;706
ComTel;SurTel;postpaid;postpaid;2020;25847
ComTel;SurTel;prepaid;prepaid;2020;8842
ComTel;SurTel;prepaid;postpaid;2020;5557
ComTel;SurTel;postpaid;prepaid;2020;521
ComTel;Others;postpaid;prepaid;2020;8
ComTel;Others;prepaid;prepaid;2020;20
ComTel;Others;prepaid;prepaid;2020;6
ComTel;Others;postpaid;prepaid;2020;1
ComTel;PeruTel;postpaid;postpaid;2020;13997
ComTel;PeruTel;prepaid;prepaid;2020;13912
ComTel;PeruTel;prepaid;postpaid;2020;13
ComTel;PeruTel;postpaid;prepaid;2020;5
ComTel;OrientTel;prepaid;prepaid;2020;11600
ComTel;OrientTel;postpaid;postpaid;2020;8044
ComTel;OrientTel;prepaid;postpaid;2020;6017
ComTel;OrientTel;postpaid;prepaid;2020;781
ComTel;SurTel;prepaid;prepaid;2020;9430
ComTel;SurTel;postpaid;postpaid;2020;26565
ComTel;SurTel;prepaid;postpaid;2020;5391
ComTel;SurTel;postpaid;prepaid;2020;489
ComTel;Others;prepaid;prepaid;2020;21
ComTel;Others;postpaid;prepaid;2020;10
ComTel;Others;prepaid;prepaid;2020;8
ComTel;PeruTel;postpaid;postpaid;2020;14450
ComTel;PeruTel;prepaid;prepaid;2020;13785
ComTel;PeruTel;prepaid;postpaid;2020;8
ComTel;OrientTel;postpaid;postpaid;2020;7738
ComTel;OrientTel;prepaid;prepaid;2020;11366
ComTel;OrientTel;prepaid;postpaid;2020;5776
ComTel;OrientTel;postpaid;prepaid;2020;756
ComTel;SurTel;postpaid;postpaid;2020;12908
ComTel;SurTel;prepaid;postpaid;2020;3716
ComTel;SurTel;prepaid;prepaid;2020;4966
ComTel;SurTel;postpaid;prepaid;2020;263
ComTel;Others;postpaid;prepaid;2020;6
ComTel;Others;prepaid;prepaid;2020;7
ComTel;Others;prepaid;prepaid;2020;4
ComTel;PeruTel;postpaid;postpaid;2020;8357
ComTel;PeruTel;prepaid;prepaid;2020;7534
ComTel;PeruTel;prepaid;postpaid;2020;4
ComTel;OrientTel;prepaid;postpaid;2020;3638
ComTel;OrientTel;prepaid;prepaid;2020;6695
ComTel;OrientTel;postpaid;postpaid;2020;4530
ComTel;OrientTel;postpaid;prepaid;2020;426
ComTel;SurTel;prepaid;postpaid;2020;2881
ComTel;SurTel;prepaid;prepaid;2020;1226
ComTel;SurTel;postpaid;postpaid;2020;3806
ComTel;SurTel;postpaid;prepaid;2020;263
ComTel;Others;prepaid;prepaid;2020;37
ComTel;Others;postpaid;prepaid;2020;39
ComTel;PeruTel;postpaid;postpaid;2020;609
ComTel;PeruTel;prepaid;prepaid;2020;438
ComTel;SurTel;postpaid;postpaid;2020;8018
ComTel;SurTel;prepaid;postpaid;2020;4589
ComTel;SurTel;prepaid;prepaid;2020;3529
ComTel;SurTel;postpaid;prepaid;2020;486
ComTel;Others;postpaid;prepaid;2020;23
ComTel;Others;prepaid;prepaid;2020;35
ComTel;PeruTel;prepaid;prepaid;2020;4000
ComTel;PeruTel;postpaid;postpaid;2020;6239
ComTel;PeruTel;prepaid;postpaid;2020;3
ComTel;OrientTel;postpaid;postpaid;2020;4415
ComTel;OrientTel;prepaid;prepaid;2020;690
ComTel;OrientTel;prepaid;postpaid;2020;3148
ComTel;OrientTel;postpaid;prepaid;2020;144
ComTel;SurTel;prepaid;prepaid;2020;5663
ComTel;SurTel;postpaid;postpaid;2020;15970
ComTel;SurTel;postpaid;prepaid;2020;445
ComTel;SurTel;prepaid;postpaid;2020;6317
ComTel;Others;postpaid;prepaid;2020;29
ComTel;Others;prepaid;prepaid;2020;52
ComTel;Others;prepaid;prepaid;2020;1819
ComTel;Others;postpaid;prepaid;2020;1284
ComTel;PeruTel;prepaid;prepaid;2020;9452
ComTel;PeruTel;postpaid;postpaid;2020;11526
ComTel;PeruTel;postpaid;prepaid;2020;2434
ComTel;PeruTel;prepaid;postpaid;2020;6
ComTel;OrientTel;prepaid;prepaid;2020;6426
ComTel;OrientTel;postpaid;postpaid;2020;14525
ComTel;OrientTel;prepaid;postpaid;2020;11076
ComTel;OrientTel;postpaid;prepaid;2020;894
ComTel;SurTel;postpaid;postpaid;2020;22863
ComTel;SurTel;postpaid;prepaid;2020;398
ComTel;SurTel;prepaid;prepaid;2020;6289
ComTel;SurTel;prepaid;postpaid;2020;7321
ComTel;Others;postpaid;prepaid;2020;13
ComTel;Others;prepaid;prepaid;2020;19
ComTel;Others;prepaid;prepaid;2020;5028
ComTel;Others;postpaid;prepaid;2020;2868
ComTel;PeruTel;postpaid;postpaid;2020;18547
ComTel;PeruTel;prepaid;prepaid;2020;12209
ComTel;PeruTel;prepaid;postpaid;2020;50
ComTel;PeruTel;postpaid;prepaid;2020;38
ComTel;OrientTel;prepaid;prepaid;2020;7286
ComTel;OrientTel;postpaid;postpaid;2020;13089
ComTel;OrientTel;prepaid;postpaid;2020;10555
ComTel;OrientTel;postpaid;prepaid;2020;778
ComTel;Others;prepaid;prepaid;2020;19
ComTel;Others;postpaid;prepaid;2020;11
ComTel;SurTel;prepaid;prepaid;2020;6142
ComTel;SurTel;postpaid;postpaid;2020;27027
ComTel;SurTel;prepaid;postpaid;2020;9256
ComTel;SurTel;postpaid;prepaid;2020;312
ComTel;PeruTel;postpaid;postpaid;2020;15471
ComTel;PeruTel;prepaid;prepaid;2020;12489
ComTel;PeruTel;prepaid;postpaid;2020;11
ComTel;PeruTel;postpaid;prepaid;2020;29
ComTel;OrientTel;prepaid;prepaid;2020;7014
ComTel;OrientTel;prepaid;postpaid;2020;9754
ComTel;OrientTel;postpaid;postpaid;2020;9798
ComTel;OrientTel;postpaid;prepaid;2020;555
ComTel;Others;prepaid;prepaid;2020;4679
ComTel;Others;postpaid;prepaid;2020;2035
ComTel;Others;postpaid;prepaid;2020;140
ComTel;Others;prepaid;prepaid;2020;140
ComTel;SurTel;postpaid;postpaid;2020;27325
ComTel;SurTel;prepaid;prepaid;2020;4163
ComTel;SurTel;prepaid;postpaid;2020;8472
ComTel;SurTel;postpaid;prepaid;2020;272
ComTel;PeruTel;postpaid;postpaid;2020;17718
ComTel;PeruTel;prepaid;prepaid;2020;15548
ComTel;PeruTel;prepaid;postpaid;2020;2
ComTel;OrientTel;prepaid;prepaid;2020;5907
ComTel;OrientTel;prepaid;postpaid;2020;8484
ComTel;OrientTel;postpaid;postpaid;2020;8181
ComTel;OrientTel;postpaid;prepaid;2020;514
ComTel;Others;prepaid;prepaid;2020;3026
ComTel;Others;postpaid;prepaid;2020;1283
ComTel;Others;prepaid;prepaid;2020;362
ComTel;Others;postpaid;prepaid;2020;265
ComTel;SurTel;postpaid;postpaid;2020;24543
ComTel;SurTel;prepaid;postpaid;2020;7692
ComTel;SurTel;prepaid;prepaid;2020;4312
ComTel;SurTel;postpaid;prepaid;2020;247
ComTel;PeruTel;prepaid;prepaid;2020;14878
ComTel;PeruTel;postpaid;postpaid;2020;20041
ComTel;PeruTel;prepaid;postpaid;2020;52
ComTel;OrientTel;postpaid;postpaid;2020;7287
ComTel;OrientTel;prepaid;prepaid;2020;5008
ComTel;OrientTel;prepaid;postpaid;2020;6013
ComTel;OrientTel;postpaid;prepaid;2020;433
ComTel;Others;prepaid;prepaid;2020;1509
ComTel;Others;postpaid;prepaid;2020;719
ComTel;SurTel;postpaid;postpaid;2020;27936
ComTel;SurTel;prepaid;postpaid;2020;6224
ComTel;SurTel;prepaid;prepaid;2020;3629
ComTel;SurTel;postpaid;prepaid;2020;261
ComTel;Others;prepaid;prepaid;2020;319
ComTel;Others;postpaid;prepaid;2020;275
ComTel;OrientTel;prepaid;prepaid;2020;5811
ComTel;OrientTel;prepaid;postpaid;2020;6322
ComTel;OrientTel;postpaid;postpaid;2020;8593
ComTel;OrientTel;postpaid;prepaid;2020;552
ComTel;PeruTel;prepaid;prepaid;2020;14382
ComTel;PeruTel;postpaid;postpaid;2020;19533
ComTel;PeruTel;prepaid;postpaid;2020;17
ComTel;Others;prepaid;prepaid;2020;785
ComTel;Others;postpaid;prepaid;2020;422
ComTel;SurTel;prepaid;prepaid;2021;3800
ComTel;SurTel;postpaid;postpaid;2021;26884
ComTel;SurTel;prepaid;postpaid;2021;5968
ComTel;SurTel;postpaid;prepaid;2021;336
ComTel;PeruTel;postpaid;postpaid;2021;20714
ComTel;PeruTel;prepaid;prepaid;2021;14788
ComTel;PeruTel;prepaid;postpaid;2021;4
ComTel;OrientTel;postpaid;postpaid;2021;11092
ComTel;OrientTel;prepaid;prepaid;2021;6594
ComTel;OrientTel;prepaid;postpaid;2021;8349
ComTel;OrientTel;postpaid;prepaid;2021;645
ComTel;Others;prepaid;prepaid;2021;316
ComTel;Others;postpaid;prepaid;2021;294
ComTel;Others;prepaid;prepaid;2021;564
ComTel;Others;postpaid;prepaid;2021;341
ComTel;SurTel;postpaid;postpaid;2021;21003
ComTel;SurTel;prepaid;postpaid;2021;5405
ComTel;SurTel;prepaid;prepaid;2021;2610
ComTel;SurTel;postpaid;prepaid;2021;283
ComTel;PeruTel;postpaid;postpaid;2021;17099
ComTel;PeruTel;prepaid;prepaid;2021;10769
ComTel;PeruTel;prepaid;postpaid;2021;14
ComTel;OrientTel;prepaid;postpaid;2021;5445
ComTel;OrientTel;postpaid;postpaid;2021;8172
ComTel;OrientTel;prepaid;prepaid;2021;3660
ComTel;OrientTel;postpaid;prepaid;2021;490
ComTel;Others;prepaid;prepaid;2021;629
ComTel;Others;postpaid;prepaid;2021;453
ComTel;Others;postpaid;prepaid;2021;266
ComTel;Others;prepaid;prepaid;2021;235
ComTel;PeruTel;prepaid;prepaid;2021;15506
ComTel;PeruTel;postpaid;postpaid;2021;23233
ComTel;PeruTel;prepaid;postpaid;2021;4
ComTel;SurTel;postpaid;postpaid;2021;31150
ComTel;SurTel;prepaid;postpaid;2021;7653
ComTel;SurTel;prepaid;prepaid;2021;6481
ComTel;SurTel;postpaid;prepaid;2021;427
ComTel;OrientTel;prepaid;postpaid;2021;14006
ComTel;OrientTel;prepaid;prepaid;2021;6727
ComTel;OrientTel;postpaid;postpaid;2021;12513
ComTel;OrientTel;postpaid;prepaid;2021;631
ComTel;Others;prepaid;prepaid;2021;310
ComTel;Others;postpaid;prepaid;2021;229
ComTel;Others;postpaid;prepaid;2021;423
ComTel;Others;prepaid;prepaid;2021;582
ComTel;PeruTel;prepaid;prepaid;2021;15506
ComTel;PeruTel;postpaid;postpaid;2021;23233
ComTel;PeruTel;prepaid;postpaid;2021;4
ComTel;SurTel;postpaid;postpaid;2021;31150
ComTel;SurTel;prepaid;postpaid;2021;7653
ComTel;SurTel;prepaid;prepaid;2021;6481
ComTel;SurTel;postpaid;prepaid;2021;427
ComTel;OrientTel;prepaid;postpaid;2021;14006
ComTel;OrientTel;prepaid;prepaid;2021;6727
ComTel;OrientTel;postpaid;postpaid;2021;12513
ComTel;OrientTel;postpaid;prepaid;2021;631
ComTel;Others;prepaid;prepaid;2021;310
ComTel;Others;postpaid;prepaid;2021;229
ComTel;Others;postpaid;prepaid;2021;423
ComTel;Others;prepaid;prepaid;2021;582
ComTel;OrientTel;postpaid;postpaid;2021;12490
ComTel;OrientTel;prepaid;prepaid;2021;5184
ComTel;OrientTel;postpaid;prepaid;2021;750
ComTel;OrientTel;prepaid;postpaid;2021;9440
ComTel;SurTel;prepaid;prepaid;2021;10052
ComTel;SurTel;postpaid;postpaid;2021;33348
ComTel;SurTel;prepaid;postpaid;2021;5118
ComTel;SurTel;postpaid;prepaid;2021;571
ComTel;PeruTel;postpaid;postpaid;2021;24972
ComTel;PeruTel;prepaid;prepaid;2021;13937
ComTel;PeruTel;prepaid;postpaid;2021;2
ComTel;Others;prepaid;prepaid;2021;250
ComTel;Others;postpaid;prepaid;2021;222
ComTel;Others;postpaid;prepaid;2021;270
ComTel;Others;prepaid;prepaid;2021;450
ComTel;PeruTel;postpaid;postpaid;2021;21228
ComTel;PeruTel;prepaid;prepaid;2021;14115
ComTel;PeruTel;prepaid;postpaid;2021;10
ComTel;OrientTel;postpaid;postpaid;2021;11640
ComTel;OrientTel;prepaid;postpaid;2021;8121
ComTel;OrientTel;prepaid;prepaid;2021;4675
ComTel;OrientTel;postpaid;prepaid;2021;656
ComTel;SurTel;prepaid;prepaid;2021;11160
ComTel;SurTel;postpaid;postpaid;2021;32193
ComTel;SurTel;prepaid;postpaid;2021;4423
ComTel;SurTel;postpaid;prepaid;2021;634
ComTel;Others;postpaid;prepaid;2021;188
ComTel;Others;prepaid;prepaid;2021;216
ComTel;Others;postpaid;prepaid;2021;248
ComTel;Others;prepaid;prepaid;2021;327
ComTel;PeruTel;prepaid;prepaid;2021;15439
ComTel;PeruTel;postpaid;postpaid;2021;22921
ComTel;PeruTel;postpaid;prepaid;2021;22
ComTel;PeruTel;prepaid;postpaid;2021;5
ComTel;SurTel;postpaid;postpaid;2021;33705
ComTel;SurTel;prepaid;postpaid;2021;4615
ComTel;SurTel;prepaid;prepaid;2021;12241
ComTel;SurTel;postpaid;prepaid;2021;682
ComTel;Others;postpaid;prepaid;2021;215
ComTel;Others;prepaid;prepaid;2021;244
ComTel;OrientTel;prepaid;postpaid;2021;7753
ComTel;OrientTel;postpaid;postpaid;2021;11647
ComTel;OrientTel;prepaid;prepaid;2021;6310
ComTel;OrientTel;postpaid;prepaid;2021;815
ComTel;Others;prepaid;prepaid;2021;276
ComTel;Others;postpaid;prepaid;2021;220
ComTel;SurTel;prepaid;prepaid;2021;11908
ComTel;SurTel;postpaid;postpaid;2021;33180
ComTel;SurTel;prepaid;postpaid;2021;4148
ComTel;SurTel;postpaid;prepaid;2021;626
ComTel;PeruTel;postpaid;postpaid;2021;21933
ComTel;PeruTel;prepaid;prepaid;2021;17320
ComTel;PeruTel;prepaid;postpaid;2021;6
ComTel;Others;postpaid;prepaid;2021;225
ComTel;Others;prepaid;prepaid;2021;278
ComTel;Others;prepaid;prepaid;2021;261
ComTel;Others;postpaid;prepaid;2021;211
ComTel;OrientTel;prepaid;prepaid;2021;7475
ComTel;OrientTel;prepaid;postpaid;2021;7082
ComTel;OrientTel;postpaid;postpaid;2021;11077
ComTel;OrientTel;postpaid;prepaid;2021;1010
ComTel;SurTel;postpaid;postpaid;2021;40189
ComTel;SurTel;prepaid;prepaid;2021;16154
ComTel;SurTel;prepaid;postpaid;2021;4291
ComTel;SurTel;postpaid;prepaid;2021;852
ComTel;PeruTel;postpaid;postpaid;2021;29713
ComTel;PeruTel;prepaid;prepaid;2021;16967
ComTel;PeruTel;prepaid;postpaid;2021;7
ComTel;PeruTel;postpaid;prepaid;2021;30
ComTel;Others;postpaid;prepaid;2021;138
ComTel;Others;prepaid;prepaid;2021;191
ComTel;Others;prepaid;prepaid;2021;163
ComTel;Others;postpaid;prepaid;2021;120
ComTel;OrientTel;postpaid;postpaid;2021;10441
ComTel;OrientTel;prepaid;postpaid;2021;5410
ComTel;OrientTel;prepaid;prepaid;2021;7357
ComTel;OrientTel;postpaid;prepaid;2021;1094
ComTel;SurTel;prepaid;prepaid;2021;16081
ComTel;SurTel;postpaid;postpaid;2021;36586
ComTel;SurTel;postpaid;prepaid;2021;863
ComTel;SurTel;prepaid;postpaid;2021;3710
ComTel;PeruTel;prepaid;prepaid;2021;15868
ComTel;PeruTel;postpaid;postpaid;2021;30105
ComTel;PeruTel;prepaid;postpaid;2021;5
ComTel;Others;prepaid;prepaid;2021;150
ComTel;Others;postpaid;prepaid;2021;164
ComTel;OrientTel;postpaid;postpaid;2021;9176
ComTel;OrientTel;prepaid;prepaid;2021;6998
ComTel;OrientTel;postpaid;prepaid;2021;1155
ComTel;OrientTel;prepaid;postpaid;2021;4460
ComTel;Others;prepaid;prepaid;2021;124
ComTel;Others;postpaid;prepaid;2021;112
ComTel;SurTel;postpaid;postpaid;2021;35505
ComTel;SurTel;postpaid;prepaid;2021;720
ComTel;SurTel;prepaid;prepaid;2021;13692
ComTel;SurTel;prepaid;postpaid;2021;4201
ComTel;PeruTel;postpaid;postpaid;2021;24558
ComTel;PeruTel;prepaid;prepaid;2021;16080
ComTel;PeruTel;prepaid;postpaid;2021;5
ComTel;Others;postpaid;prepaid;2021;208
ComTel;Others;prepaid;prepaid;2021;243
ComTel;Others;postpaid;prepaid;2021;173
ComTel;Others;prepaid;prepaid;2021;214
ComTel;OrientTel;prepaid;prepaid;2021;7324
ComTel;OrientTel;postpaid;postpaid;2021;10880
ComTel;OrientTel;prepaid;postpaid;2021;6416
ComTel;OrientTel;postpaid;prepaid;2021;1087
ComTel;SurTel;postpaid;postpaid;2021;40189
ComTel;SurTel;prepaid;prepaid;2021;16154
ComTel;SurTel;prepaid;postpaid;2021;4291
ComTel;SurTel;postpaid;prepaid;2021;852
ComTel;PeruTel;postpaid;postpaid;2021;29713
ComTel;PeruTel;prepaid;prepaid;2021;16967
ComTel;PeruTel;prepaid;postpaid;2021;7
ComTel;PeruTel;postpaid;prepaid;2021;30
ComTel;Others;postpaid;prepaid;2021;138
ComTel;Others;prepaid;prepaid;2021;191
ComTel;Others;prepaid;prepaid;2021;163
ComTel;Others;postpaid;prepaid;2021;120
ComTel;OrientTel;postpaid;postpaid;2021;10441
ComTel;OrientTel;prepaid;postpaid;2021;5410
ComTel;OrientTel;prepaid;prepaid;2021;7357
ComTel;OrientTel;postpaid;prepaid;2021;1094
ComTel;SurTel;prepaid;prepaid;2021;16081
ComTel;SurTel;postpaid;postpaid;2021;36586
ComTel;SurTel;postpaid;prepaid;2021;863
ComTel;SurTel;prepaid;postpaid;2021;3710
ComTel;PeruTel;prepaid;prepaid;2021;15868
ComTel;PeruTel;postpaid;postpaid;2021;30105
ComTel;PeruTel;prepaid;postpaid;2021;5
ComTel;Others;prepaid;prepaid;2021;150
ComTel;Others;postpaid;prepaid;2021;164
ComTel;OrientTel;postpaid;postpaid;2021;9176
ComTel;OrientTel;prepaid;prepaid;2021;6998
ComTel;OrientTel;postpaid;prepaid;2021;1155
ComTel;OrientTel;prepaid;postpaid;2021;4460
ComTel;Others;prepaid;prepaid;2021;124
ComTel;Others;postpaid;prepaid;2021;112
ComTel;Others;postpaid;prepaid;2021;95
ComTel;Others;prepaid;prepaid;2021;105
ComTel;SurTel;postpaid;prepaid;2021;818
ComTel;SurTel;postpaid;postpaid;2021;43014
ComTel;SurTel;prepaid;prepaid;2021;14392
ComTel;SurTel;prepaid;postpaid;2021;3806
ComTel;PeruTel;postpaid;postpaid;2021;33611
ComTel;PeruTel;prepaid;prepaid;2021;13630
ComTel;PeruTel;prepaid;postpaid;2021;3
ComTel;OrientTel;postpaid;prepaid;2021;1117
ComTel;OrientTel;postpaid;postpaid;2021;9376
ComTel;OrientTel;prepaid;postpaid;2021;4052
ComTel;OrientTel;prepaid;prepaid;2021;6214
ComTel;Others;postpaid;prepaid;2021;99
ComTel;Others;prepaid;prepaid;2021;116
