assignor;receiver;yield_contract;receiving_contract;month;year;lines
SurTel;ComTel;prepaid;prepaid;7;2014;35
SurTel;ComTel;postpaid;postpaid;7;2014;854
PeruTel;ComTel;prepaid;prepaid;7;2014;601
PeruTel;ComTel;postpaid;postpaid;7;2014;1283
SurTel;ComTel;prepaid;prepaid;8;2014;63
SurTel;ComTel;postpaid;postpaid;8;2014;1066
PeruTel;ComTel;prepaid;prepaid;8;2014;1075
PeruTel;ComTel;postpaid;postpaid;8;2014;994
OrientTel;ComTel;prepaid;prepaid;8;2014;1
SurTel;ComTel;prepaid;prepaid;9;2014;90
SurTel;ComTel;postpaid;postpaid;9;2014;1264
PeruTel;ComTel;prepaid;prepaid;9;2014;1432
PeruTel;ComTel;postpaid;postpaid;9;2014;1414
SurTel;ComTel;prepaid;prepaid;10;2014;280
SurTel;ComTel;postpaid;postpaid;10;2014;1521
PeruTel;ComTel;prepaid;prepaid;10;2014;2906
PeruTel;ComTel;postpaid;postpaid;10;2014;3507
OrientTel;ComTel;prepaid;prepaid;10;2014;42
OrientTel;ComTel;postpaid;postpaid;10;2014;4
SurTel;ComTel;prepaid;prepaid;11;2014;194
SurTel;ComTel;postpaid;postpaid;11;2014;1409
PeruTel;ComTel;prepaid;prepaid;11;2014;2863
PeruTel;ComTel;postpaid;postpaid;11;2014;5992
OrientTel;ComTel;prepaid;prepaid;11;2014;45
OrientTel;ComTel;postpaid;postpaid;11;2014;35
SurTel;ComTel;prepaid;prepaid;12;2014;176
SurTel;ComTel;postpaid;postpaid;12;2014;1663
PeruTel;ComTel;prepaid;prepaid;12;2014;2763
PeruTel;ComTel;postpaid;postpaid;12;2014;6760
OrientTel;ComTel;prepaid;prepaid;12;2014;77
OrientTel;ComTel;postpaid;postpaid;12;2014;139
SurTel;ComTel;prepaid;prepaid;1;2015;252
SurTel;ComTel;postpaid;postpaid;1;2015;1419
PeruTel;ComTel;prepaid;prepaid;1;2015;2698
PeruTel;ComTel;postpaid;postpaid;1;2015;4704
OrientTel;ComTel;prepaid;prepaid;1;2015;88
OrientTel;ComTel;postpaid;postpaid;1;2015;73
SurTel;ComTel;prepaid;prepaid;2;2015;308
SurTel;ComTel;postpaid;postpaid;2;2015;2744
PeruTel;ComTel;prepaid;prepaid;2;2015;2522
PeruTel;ComTel;postpaid;postpaid;2;2015;9361
OrientTel;ComTel;prepaid;prepaid;2;2015;240
OrientTel;ComTel;postpaid;postpaid;2;2015;245
SurTel;ComTel;prepaid;prepaid;3;2015;790
SurTel;ComTel;postpaid;postpaid;3;2015;2640
PeruTel;ComTel;prepaid;prepaid;3;2015;4034
PeruTel;ComTel;postpaid;postpaid;3;2015;10237
OrientTel;ComTel;prepaid;prepaid;3;2015;3549
OrientTel;ComTel;postpaid;postpaid;3;2015;254
SurTel;ComTel;prepaid;prepaid;4;2015;4550
SurTel;ComTel;postpaid;postpaid;4;2015;2036
PeruTel;ComTel;prepaid;prepaid;4;2015;6579
PeruTel;ComTel;postpaid;postpaid;4;2015;8858
OrientTel;ComTel;prepaid;prepaid;4;2015;1017
OrientTel;ComTel;postpaid;postpaid;4;2015;164
SurTel;ComTel;prepaid;prepaid;5;2015;1616
SurTel;ComTel;postpaid;postpaid;5;2015;2967
PeruTel;ComTel;prepaid;prepaid;5;2015;6520
PeruTel;ComTel;postpaid;postpaid;5;2015;8110
OrientTel;ComTel;prepaid;prepaid;5;2015;1716
OrientTel;ComTel;postpaid;postpaid;5;2015;122
SurTel;ComTel;prepaid;prepaid;6;2015;1292
SurTel;ComTel;postpaid;postpaid;6;2015;2273
PeruTel;ComTel;prepaid;prepaid;6;2015;6129
PeruTel;ComTel;postpaid;postpaid;6;2015;6643
OrientTel;ComTel;prepaid;prepaid;6;2015;1735
OrientTel;ComTel;postpaid;postpaid;6;2015;58
SurTel;ComTel;prepaid;prepaid;7;2015;2640
SurTel;ComTel;postpaid;postpaid;7;2015;1870
PeruTel;ComTel;prepaid;prepaid;7;2015;7282
PeruTel;ComTel;postpaid;postpaid;7;2015;6734
OrientTel;ComTel;prepaid;prepaid;7;2015;2204
OrientTel;ComTel;postpaid;postpaid;7;2015;64
SurTel;ComTel;prepaid;prepaid;8;2015;4287
SurTel;ComTel;postpaid;postpaid;8;2015;1891
PeruTel;ComTel;prepaid;prepaid;8;2015;7118
PeruTel;ComTel;postpaid;postpaid;8;2015;9667
OrientTel;ComTel;prepaid;prepaid;8;2015;1743
OrientTel;ComTel;postpaid;postpaid;8;2015;76
SurTel;ComTel;prepaid;prepaid;9;2015;4141
SurTel;ComTel;postpaid;postpaid;9;2015;2062
PeruTel;ComTel;prepaid;prepaid;9;2015;7749
PeruTel;ComTel;postpaid;postpaid;9;2015;6916
OrientTel;ComTel;prepaid;prepaid;9;2015;1783
OrientTel;ComTel;postpaid;postpaid;9;2015;137
SurTel;ComTel;prepaid;prepaid;10;2015;6141
SurTel;ComTel;postpaid;postpaid;10;2015;1859
PeruTel;ComTel;prepaid;prepaid;10;2015;6406
PeruTel;ComTel;postpaid;postpaid;10;2015;5325
OrientTel;ComTel;prepaid;prepaid;10;2015;2552
OrientTel;ComTel;postpaid;postpaid;10;2015;146
SurTel;ComTel;prepaid;prepaid;11;2015;6276
SurTel;ComTel;postpaid;postpaid;11;2015;1828
PeruTel;ComTel;prepaid;prepaid;11;2015;5625
PeruTel;ComTel;postpaid;postpaid;11;2015;6328
OrientTel;ComTel;prepaid;prepaid;11;2015;1784
OrientTel;ComTel;postpaid;postpaid;11;2015;175
SurTel;ComTel;prepaid;prepaid;12;2015;8721
SurTel;ComTel;postpaid;postpaid;12;2015;3093
PeruTel;ComTel;prepaid;prepaid;12;2015;9418
PeruTel;ComTel;postpaid;postpaid;12;2015;11133
OrientTel;ComTel;prepaid;prepaid;12;2015;2994
OrientTel;ComTel;postpaid;postpaid;12;2015;420
SurTel;ComTel;prepaid;prepaid;1;2016;7401
SurTel;ComTel;postpaid;postpaid;1;2016;2001
PeruTel;ComTel;prepaid;prepaid;1;2016;6175
PeruTel;ComTel;postpaid;postpaid;1;2016;7609
OrientTel;ComTel;prepaid;prepaid;1;2016;1079
OrientTel;ComTel;postpaid;postpaid;1;2016;280
SurTel;ComTel;prepaid;prepaid;2;2016;9731
SurTel;ComTel;postpaid;postpaid;2;2016;2736
PeruTel;ComTel;prepaid;prepaid;2;2016;6323
PeruTel;ComTel;postpaid;postpaid;2;2016;8471
OrientTel;ComTel;prepaid;prepaid;2;2016;1240
OrientTel;ComTel;postpaid;postpaid;2;2016;337
SurTel;ComTel;prepaid;prepaid;3;2016;8919
SurTel;ComTel;postpaid;postpaid;3;2016;2688
PeruTel;ComTel;prepaid;prepaid;3;2016;7050
PeruTel;ComTel;postpaid;postpaid;3;2016;7425
OrientTel;ComTel;prepaid;prepaid;3;2016;1242
OrientTel;ComTel;postpaid;postpaid;3;2016;244
SurTel;ComTel;prepaid;prepaid;4;2016;9974
SurTel;ComTel;postpaid;postpaid;4;2016;3873
PeruTel;ComTel;prepaid;prepaid;4;2016;9740
PeruTel;ComTel;postpaid;postpaid;4;2016;9313
OrientTel;ComTel;prepaid;prepaid;4;2016;1768
OrientTel;ComTel;postpaid;postpaid;4;2016;365
SurTel;ComTel;prepaid;prepaid;5;2016;10263
SurTel;ComTel;postpaid;postpaid;5;2016;5240
PeruTel;ComTel;prepaid;prepaid;5;2016;13255
PeruTel;ComTel;postpaid;postpaid;5;2016;12569
OrientTel;ComTel;prepaid;prepaid;5;2016;3010
OrientTel;ComTel;postpaid;postpaid;5;2016;343
SurTel;ComTel;prepaid;prepaid;6;2016;10630
SurTel;ComTel;postpaid;postpaid;6;2016;4729
PeruTel;ComTel;prepaid;prepaid;6;2016;15061
PeruTel;ComTel;postpaid;postpaid;6;2016;11162
OrientTel;ComTel;prepaid;prepaid;6;2016;3247
OrientTel;ComTel;postpaid;postpaid;6;2016;415
SurTel;ComTel;prepaid;prepaid;7;2016;13588
SurTel;ComTel;postpaid;postpaid;7;2016;6429
PeruTel;ComTel;prepaid;prepaid;7;2016;15017
PeruTel;ComTel;postpaid;postpaid;7;2016;15880
OrientTel;ComTel;prepaid;prepaid;7;2016;3675
OrientTel;ComTel;postpaid;postpaid;7;2016;572
SurTel;ComTel;prepaid;prepaid;8;2016;16179
SurTel;ComTel;postpaid;postpaid;8;2016;6284
PeruTel;ComTel;prepaid;prepaid;8;2016;14971
PeruTel;ComTel;postpaid;postpaid;8;2016;18678
OrientTel;ComTel;prepaid;prepaid;8;2016;4166
OrientTel;ComTel;postpaid;postpaid;8;2016;830
SurTel;ComTel;prepaid;prepaid;9;2016;18077
SurTel;ComTel;postpaid;postpaid;9;2016;5601
PeruTel;ComTel;prepaid;prepaid;9;2016;13393
PeruTel;ComTel;postpaid;postpaid;9;2016;13411
OrientTel;ComTel;prepaid;prepaid;9;2016;4258
OrientTel;ComTel;postpaid;postpaid;9;2016;1043
SurTel;ComTel;prepaid;prepaid;10;2016;19711
SurTel;ComTel;postpaid;postpaid;10;2016;5804
Otros;ComTel;prepaid;prepaid;10;2016;40
Otros;ComTel;prepaid;postpaid;10;2016;1
PeruTel;ComTel;prepaid;prepaid;10;2016;13577
PeruTel;ComTel;postpaid;postpaid;10;2016;15040
OrientTel;ComTel;prepaid;prepaid;10;2016;5068
OrientTel;ComTel;postpaid;postpaid;10;2016;1039
SurTel;ComTel;prepaid;prepaid;11;2016;21040
SurTel;ComTel;postpaid;postpaid;11;2016;7525
Otros;ComTel;prepaid;prepaid;11;2016;49
Otros;ComTel;prepaid;postpaid;11;2016;6
PeruTel;ComTel;prepaid;prepaid;11;2016;14192
PeruTel;ComTel;postpaid;postpaid;11;2016;15151
OrientTel;ComTel;prepaid;prepaid;11;2016;5983
OrientTel;ComTel;postpaid;postpaid;11;2016;1087
SurTel;ComTel;prepaid;prepaid;12;2016;22549
SurTel;ComTel;postpaid;postpaid;12;2016;8079
Otros;ComTel;prepaid;prepaid;12;2016;70
Otros;ComTel;prepaid;postpaid;12;2016;3
PeruTel;ComTel;prepaid;prepaid;12;2016;18580
PeruTel;ComTel;postpaid;postpaid;12;2016;20618
OrientTel;ComTel;prepaid;prepaid;12;2016;6932
OrientTel;ComTel;postpaid;postpaid;12;2016;1489
SurTel;ComTel;prepaid;prepaid;1;2017;4096
SurTel;ComTel;postpaid;postpaid;1;2017;6337
Otros;ComTel;prepaid;prepaid;1;2017;1863
Otros;ComTel;prepaid;postpaid;1;2017;49
PeruTel;ComTel;prepaid;prepaid;1;2017;9616
PeruTel;ComTel;postpaid;postpaid;1;2017;15701
OrientTel;ComTel;prepaid;prepaid;1;2017;4144
OrientTel;ComTel;postpaid;postpaid;1;2017;814
SurTel;ComTel;prepaid;prepaid;2;2017;4399
SurTel;ComTel;postpaid;postpaid;2;2017;5998
Otros;ComTel;prepaid;prepaid;2;2017;1291
Otros;ComTel;prepaid;postpaid;2;2017;11
PeruTel;ComTel;prepaid;prepaid;2;2017;10889
PeruTel;ComTel;postpaid;postpaid;2;2017;14642
OrientTel;ComTel;prepaid;prepaid;2;2017;4411
OrientTel;ComTel;postpaid;postpaid;2;2017;742
SurTel;ComTel;prepaid;prepaid;3;2017;4512
SurTel;ComTel;postpaid;postpaid;3;2017;7708
Otros;ComTel;prepaid;prepaid;3;2017;1474
PeruTel;ComTel;prepaid;prepaid;3;2017;12896
PeruTel;ComTel;postpaid;postpaid;3;2017;17654
OrientTel;ComTel;prepaid;prepaid;3;2017;5632
OrientTel;ComTel;postpaid;postpaid;3;2017;884
SurTel;ComTel;prepaid;prepaid;4;2017;4493
SurTel;ComTel;postpaid;postpaid;4;2017;6288
Otros;ComTel;prepaid;prepaid;4;2017;709
PeruTel;ComTel;prepaid;prepaid;4;2017;12211
PeruTel;ComTel;postpaid;postpaid;4;2017;16106
OrientTel;ComTel;prepaid;prepaid;4;2017;4729
OrientTel;ComTel;postpaid;postpaid;4;2017;819
SurTel;ComTel;prepaid;prepaid;5;2017;6928
SurTel;ComTel;postpaid;postpaid;5;2017;9186
Otros;ComTel;prepaid;prepaid;5;2017;389
PeruTel;ComTel;prepaid;prepaid;5;2017;21409
PeruTel;ComTel;postpaid;postpaid;5;2017;21829
OrientTel;ComTel;prepaid;prepaid;5;2017;6606
OrientTel;ComTel;postpaid;postpaid;5;2017;1233
SurTel;ComTel;prepaid;prepaid;6;2017;9049
SurTel;ComTel;postpaid;postpaid;6;2017;11785
Otros;ComTel;prepaid;prepaid;6;2017;332
PeruTel;ComTel;prepaid;prepaid;6;2017;22749
PeruTel;ComTel;postpaid;postpaid;6;2017;20139
OrientTel;ComTel;prepaid;prepaid;6;2017;7343
OrientTel;ComTel;postpaid;postpaid;6;2017;1270
SurTel;ComTel;prepaid;prepaid;7;2017;11291
SurTel;ComTel;postpaid;postpaid;7;2017;10907
Otros;ComTel;prepaid;prepaid;7;2017;303
PeruTel;ComTel;prepaid;prepaid;7;2017;28952
PeruTel;ComTel;postpaid;postpaid;7;2017;27967
OrientTel;ComTel;prepaid;prepaid;7;2017;9835
OrientTel;ComTel;postpaid;postpaid;7;2017;1568
SurTel;ComTel;prepaid;prepaid;8;2017;13153
SurTel;ComTel;postpaid;postpaid;8;2017;13110
Otros;ComTel;prepaid;prepaid;8;2017;285
PeruTel;ComTel;prepaid;prepaid;8;2017;33756
PeruTel;ComTel;postpaid;postpaid;8;2017;34762
OrientTel;ComTel;prepaid;prepaid;8;2017;11455
OrientTel;ComTel;postpaid;postpaid;8;2017;1925
SurTel;ComTel;prepaid;prepaid;9;2017;14524
SurTel;ComTel;postpaid;postpaid;9;2017;16419
Otros;ComTel;prepaid;prepaid;9;2017;213
PeruTel;ComTel;prepaid;prepaid;9;2017;29249
PeruTel;ComTel;postpaid;postpaid;9;2017;39018
OrientTel;ComTel;prepaid;prepaid;9;2017;11554
OrientTel;ComTel;postpaid;postpaid;9;2017;2401
SurTel;ComTel;prepaid;prepaid;10;2017;17597
SurTel;ComTel;postpaid;postpaid;10;2017;18593
Otros;ComTel;prepaid;prepaid;10;2017;7
PeruTel;ComTel;prepaid;prepaid;10;2017;34391
PeruTel;ComTel;postpaid;postpaid;10;2017;39393
OrientTel;ComTel;prepaid;prepaid;10;2017;13723
OrientTel;ComTel;postpaid;postpaid;10;2017;3017
SurTel;ComTel;prepaid;prepaid;11;2017;22577
SurTel;ComTel;postpaid;postpaid;11;2017;20234
Otros;ComTel;prepaid;prepaid;11;2017;239
PeruTel;ComTel;prepaid;prepaid;11;2017;41277
PeruTel;ComTel;postpaid;postpaid;11;2017;35211
OrientTel;ComTel;prepaid;prepaid;11;2017;16988
OrientTel;ComTel;postpaid;postpaid;11;2017;3340
SurTel;ComTel;prepaid;prepaid;12;2017;32441
SurTel;ComTel;postpaid;postpaid;12;2017;29502
Otros;ComTel;prepaid;prepaid;12;2017;236
PeruTel;ComTel;prepaid;prepaid;12;2017;63172
PeruTel;ComTel;postpaid;postpaid;12;2017;45380
OrientTel;ComTel;prepaid;prepaid;12;2017;24252
OrientTel;ComTel;postpaid;postpaid;12;2017;4498
SurTel;ComTel;prepaid;prepaid;1;2018;30381
SurTel;ComTel;postpaid;postpaid;1;2018;21504
Otros;ComTel;prepaid;prepaid;1;2018;172
PeruTel;ComTel;prepaid;prepaid;1;2018;51723
PeruTel;ComTel;postpaid;postpaid;1;2018;36142
OrientTel;ComTel;prepaid;prepaid;1;2018;23567
OrientTel;ComTel;postpaid;postpaid;1;2018;3648
SurTel;ComTel;prepaid;prepaid;2;2018;34088
SurTel;ComTel;postpaid;postpaid;2;2018;20510
Otros;ComTel;prepaid;prepaid;2;2018;123
PeruTel;ComTel;prepaid;prepaid;2;2018;53832
PeruTel;ComTel;postpaid;postpaid;2;2018;35212
OrientTel;ComTel;prepaid;prepaid;2;2018;24686
OrientTel;ComTel;postpaid;postpaid;2;2018;3882
SurTel;ComTel;prepaid;prepaid;3;2018;38710
SurTel;ComTel;postpaid;postpaid;3;2018;21590
Otros;ComTel;prepaid;prepaid;3;2018;113
PeruTel;ComTel;prepaid;prepaid;3;2018;53492
PeruTel;ComTel;postpaid;postpaid;3;2018;38520
OrientTel;ComTel;prepaid;prepaid;3;2018;28454
OrientTel;ComTel;postpaid;postpaid;3;2018;4206
SurTel;ComTel;prepaid;prepaid;4;2018;45931
SurTel;ComTel;postpaid;postpaid;4;2018;21561
Otros;ComTel;prepaid;prepaid;4;2018;100
PeruTel;ComTel;prepaid;prepaid;4;2018;61050
PeruTel;ComTel;postpaid;postpaid;4;2018;40712
OrientTel;ComTel;prepaid;prepaid;4;2018;30965
OrientTel;ComTel;postpaid;postpaid;4;2018;4608
SurTel;ComTel;prepaid;prepaid;5;2018;65484
SurTel;ComTel;postpaid;postpaid;5;2018;24027
Otros;ComTel;prepaid;prepaid;5;2018;100
PeruTel;ComTel;prepaid;prepaid;5;2018;70725
PeruTel;ComTel;postpaid;postpaid;5;2018;41634
OrientTel;ComTel;prepaid;prepaid;5;2018;36744
OrientTel;ComTel;postpaid;postpaid;5;2018;5926
SurTel;ComTel;prepaid;prepaid;6;2018;66749
SurTel;ComTel;postpaid;postpaid;6;2018;20887
Otros;ComTel;prepaid;prepaid;6;2018;59
PeruTel;ComTel;prepaid;prepaid;6;2018;61097
PeruTel;ComTel;postpaid;postpaid;6;2018;33559
OrientTel;ComTel;prepaid;prepaid;6;2018;34935
OrientTel;ComTel;postpaid;postpaid;6;2018;5642
SurTel;ComTel;prepaid;prepaid;7;2018;76002
SurTel;ComTel;postpaid;postpaid;7;2018;22857
Otros;ComTel;prepaid;prepaid;7;2018;48
PeruTel;ComTel;prepaid;prepaid;7;2018;65403
PeruTel;ComTel;postpaid;postpaid;7;2018;32137
OrientTel;ComTel;prepaid;prepaid;7;2018;32316
OrientTel;ComTel;postpaid;postpaid;7;2018;5621
SurTel;ComTel;prepaid;prepaid;8;2018;79059
SurTel;ComTel;postpaid;postpaid;8;2018;21891
Otros;ComTel;prepaid;prepaid;8;2018;30
PeruTel;ComTel;prepaid;prepaid;8;2018;73706
PeruTel;ComTel;postpaid;postpaid;8;2018;30717
OrientTel;ComTel;prepaid;prepaid;8;2018;28615
OrientTel;ComTel;postpaid;postpaid;8;2018;6041
SurTel;ComTel;prepaid;prepaid;9;2018;90255
SurTel;ComTel;postpaid;postpaid;9;2018;17569
Otros;ComTel;prepaid;prepaid;9;2018;33
PeruTel;ComTel;prepaid;prepaid;9;2018;67611
PeruTel;ComTel;postpaid;postpaid;9;2018;25664
OrientTel;ComTel;prepaid;prepaid;9;2018;29671
OrientTel;ComTel;postpaid;postpaid;9;2018;6020
SurTel;ComTel;prepaid;prepaid;10;2018;97348
SurTel;ComTel;postpaid;postpaid;10;2018;16054
Otros;ComTel;prepaid;prepaid;10;2018;17
PeruTel;ComTel;prepaid;prepaid;10;2018;72905
PeruTel;ComTel;postpaid;postpaid;10;2018;24280
OrientTel;ComTel;prepaid;prepaid;10;2018;34619
OrientTel;ComTel;postpaid;postpaid;10;2018;8145
SurTel;ComTel;prepaid;prepaid;11;2018;82817
SurTel;ComTel;postpaid;prepaid;11;2018;1563
SurTel;ComTel;prepaid;postpaid;11;2018;12608
SurTel;ComTel;postpaid;postpaid;11;2018;13042
Otros;ComTel;prepaid;prepaid;11;2018;19
Otros;ComTel;prepaid;postpaid;11;2018;1
PeruTel;ComTel;prepaid;prepaid;11;2018;65888
PeruTel;ComTel;postpaid;prepaid;11;2018;1985
PeruTel;ComTel;prepaid;postpaid;11;2018;14109
PeruTel;ComTel;postpaid;postpaid;11;2018;19742
OrientTel;ComTel;prepaid;prepaid;11;2018;29750
OrientTel;ComTel;postpaid;prepaid;11;2018;2161
OrientTel;ComTel;prepaid;postpaid;11;2018;6344
OrientTel;ComTel;postpaid;postpaid;11;2018;6709
SurTel;ComTel;prepaid;prepaid;12;2018;72664
SurTel;ComTel;postpaid;prepaid;12;2018;1664
SurTel;ComTel;prepaid;postpaid;12;2018;10019
SurTel;ComTel;postpaid;postpaid;12;2018;16831
Otros;ComTel;prepaid;prepaid;12;2018;19
Otros;ComTel;prepaid;postpaid;12;2018;9
Otros;ComTel;prepaid;postpaid;12;2018;1
PeruTel;ComTel;prepaid;prepaid;12;2018;65475
PeruTel;ComTel;postpaid;prepaid;12;2018;2381
PeruTel;ComTel;prepaid;postpaid;12;2018;12206
PeruTel;ComTel;postpaid;postpaid;12;2018;24267
OrientTel;ComTel;prepaid;prepaid;12;2018;30344
OrientTel;ComTel;postpaid;prepaid;12;2018;2497
OrientTel;ComTel;prepaid;postpaid;12;2018;6483
OrientTel;ComTel;postpaid;postpaid;12;2018;8688
SurTel;ComTel;prepaid;prepaid;1;2019;83519
SurTel;ComTel;postpaid;prepaid;1;2019;1801
SurTel;ComTel;prepaid;postpaid;1;2019;11642
SurTel;ComTel;postpaid;postpaid;1;2019;18251
Otros;ComTel;prepaid;prepaid;1;2019;13
Otros;ComTel;prepaid;postpaid;1;2019;6
PeruTel;ComTel;prepaid;prepaid;1;2019;70171
PeruTel;ComTel;postpaid;prepaid;1;2019;2446
PeruTel;ComTel;prepaid;postpaid;1;2019;12124
PeruTel;ComTel;postpaid;postpaid;1;2019;23956
OrientTel;ComTel;prepaid;prepaid;1;2019;34805
OrientTel;ComTel;postpaid;prepaid;1;2019;2689
OrientTel;ComTel;prepaid;postpaid;1;2019;6922
OrientTel;ComTel;postpaid;postpaid;1;2019;9827
SurTel;ComTel;prepaid;prepaid;2;2019;76264
SurTel;ComTel;postpaid;prepaid;2;2019;1788
SurTel;ComTel;prepaid;postpaid;2;2019;11481
SurTel;ComTel;postpaid;postpaid;2;2019;15458
Otros;ComTel;prepaid;prepaid;2;2019;14
Otros;ComTel;prepaid;postpaid;2;2019;3
PeruTel;ComTel;prepaid;prepaid;2;2019;68423
PeruTel;ComTel;postpaid;prepaid;2;2019;2160
PeruTel;ComTel;prepaid;postpaid;2;2019;11734
PeruTel;ComTel;postpaid;postpaid;2;2019;18651
OrientTel;ComTel;prepaid;prepaid;2;2019;34748
OrientTel;ComTel;postpaid;prepaid;2;2019;2522
OrientTel;ComTel;prepaid;postpaid;2;2019;6958
OrientTel;ComTel;postpaid;postpaid;2;2019;8481
SurTel;ComTel;prepaid;prepaid;3;2019;78981
SurTel;ComTel;postpaid;prepaid;3;2019;1727
SurTel;ComTel;prepaid;postpaid;3;2019;11638
SurTel;ComTel;postpaid;postpaid;3;2019;15484
Otros;ComTel;prepaid;prepaid;3;2019;9
Otros;ComTel;prepaid;postpaid;3;2019;6
PeruTel;ComTel;prepaid;prepaid;3;2019;58958
PeruTel;ComTel;postpaid;prepaid;3;2019;1869
PeruTel;ComTel;prepaid;postpaid;3;2019;10106
PeruTel;ComTel;postpaid;postpaid;3;2019;16457
OrientTel;ComTel;prepaid;prepaid;3;2019;31286
OrientTel;ComTel;postpaid;prepaid;3;2019;2548
OrientTel;ComTel;prepaid;postpaid;3;2019;6350
OrientTel;ComTel;postpaid;postpaid;3;2019;7996
SurTel;ComTel;prepaid;prepaid;4;2019;104383
SurTel;ComTel;postpaid;prepaid;4;2019;1719
SurTel;ComTel;prepaid;postpaid;4;2019;18599
SurTel;ComTel;postpaid;postpaid;4;2019;19792
Otros;ComTel;prepaid;prepaid;4;2019;8
Otros;ComTel;prepaid;postpaid;4;2019;3
PeruTel;ComTel;prepaid;prepaid;4;2019;80422
PeruTel;ComTel;postpaid;prepaid;4;2019;2301
PeruTel;ComTel;prepaid;postpaid;4;2019;17153
PeruTel;ComTel;postpaid;postpaid;4;2019;23059
OrientTel;ComTel;prepaid;prepaid;4;2019;36999
OrientTel;ComTel;postpaid;prepaid;4;2019;2964
OrientTel;ComTel;prepaid;postpaid;4;2019;9650
OrientTel;ComTel;postpaid;postpaid;4;2019;11591
SurTel;ComTel;prepaid;prepaid;5;2019;115446
SurTel;ComTel;postpaid;prepaid;5;2019;1692
SurTel;ComTel;prepaid;postpaid;5;2019;16880
SurTel;ComTel;postpaid;postpaid;5;2019;19614
Otros;ComTel;prepaid;prepaid;5;2019;4
Otros;ComTel;prepaid;postpaid;5;2019;2
PeruTel;ComTel;prepaid;prepaid;5;2019;107361
PeruTel;ComTel;postpaid;prepaid;5;2019;2299
PeruTel;ComTel;prepaid;postpaid;5;2019;19108
PeruTel;ComTel;postpaid;postpaid;5;2019;22972
OrientTel;ComTel;prepaid;prepaid;5;2019;41689
OrientTel;ComTel;postpaid;prepaid;5;2019;3393
OrientTel;ComTel;prepaid;postpaid;5;2019;8949
OrientTel;ComTel;postpaid;postpaid;5;2019;11681
SurTel;ComTel;prepaid;prepaid;6;2019;85652
SurTel;ComTel;postpaid;prepaid;6;2019;1807
SurTel;ComTel;prepaid;postpaid;6;2019;13675
SurTel;ComTel;postpaid;postpaid;6;2019;17535
Otros;ComTel;prepaid;prepaid;6;2019;2
Otros;ComTel;prepaid;postpaid;6;2019;1
PeruTel;ComTel;prepaid;prepaid;6;2019;82633
PeruTel;ComTel;postpaid;prepaid;6;2019;2057
PeruTel;ComTel;prepaid;postpaid;6;2019;15792
PeruTel;ComTel;postpaid;postpaid;6;2019;20002
OrientTel;ComTel;prepaid;prepaid;6;2019;33422
OrientTel;ComTel;postpaid;prepaid;6;2019;3211
OrientTel;ComTel;prepaid;postpaid;6;2019;7581
OrientTel;ComTel;postpaid;postpaid;6;2019;11451
SurTel;ComTel;prepaid;prepaid;7;2019;61025
SurTel;ComTel;postpaid;prepaid;7;2019;1727
SurTel;ComTel;prepaid;postpaid;7;2019;6703
SurTel;ComTel;postpaid;postpaid;7;2019;19213
Otros;ComTel;prepaid;prepaid;7;2019;4
Otros;ComTel;prepaid;postpaid;7;2019;3
PeruTel;ComTel;prepaid;prepaid;7;2019;70220
PeruTel;ComTel;postpaid;prepaid;7;2019;1968
PeruTel;ComTel;prepaid;postpaid;7;2019;10497
PeruTel;ComTel;postpaid;postpaid;7;2019;22602
OrientTel;ComTel;prepaid;prepaid;7;2019;25439
OrientTel;ComTel;postpaid;prepaid;7;2019;2798
OrientTel;ComTel;prepaid;postpaid;7;2019;5292
OrientTel;ComTel;postpaid;postpaid;7;2019;11925
SurTel;ComTel;prepaid;prepaid;8;2019;26911
SurTel;ComTel;postpaid;prepaid;8;2019;1943
SurTel;ComTel;prepaid;postpaid;8;2019;4644
SurTel;ComTel;postpaid;postpaid;8;2019;18958
Otros;ComTel;prepaid;prepaid;8;2019;8
Otros;ComTel;prepaid;postpaid;8;2019;3
PeruTel;ComTel;prepaid;prepaid;8;2019;54899
PeruTel;ComTel;postpaid;prepaid;8;2019;1978
PeruTel;ComTel;prepaid;postpaid;8;2019;10066
PeruTel;ComTel;postpaid;postpaid;8;2019;24257
OrientTel;ComTel;prepaid;prepaid;8;2019;17173
OrientTel;ComTel;postpaid;prepaid;8;2019;2452
OrientTel;ComTel;prepaid;postpaid;8;2019;4822
OrientTel;ComTel;postpaid;postpaid;8;2019;12763
SurTel;ComTel;prepaid;prepaid;9;2019;22928
SurTel;ComTel;postpaid;prepaid;9;2019;1884
SurTel;ComTel;prepaid;postpaid;9;2019;5194
SurTel;ComTel;postpaid;postpaid;9;2019;19153
Otros;ComTel;prepaid;prepaid;9;2019;2
Otros;ComTel;prepaid;postpaid;9;2019;1
PeruTel;ComTel;prepaid;prepaid;9;2019;72227
PeruTel;ComTel;postpaid;prepaid;9;2019;1982
PeruTel;ComTel;prepaid;postpaid;9;2019;9010
PeruTel;ComTel;postpaid;postpaid;9;2019;23881
OrientTel;ComTel;prepaid;prepaid;9;2019;13956
OrientTel;ComTel;postpaid;prepaid;9;2019;2270
OrientTel;ComTel;prepaid;postpaid;9;2019;4633
OrientTel;ComTel;postpaid;postpaid;9;2019;13114
SurTel;ComTel;prepaid;prepaid;10;2019;18289
SurTel;ComTel;postpaid;prepaid;10;2019;2024
SurTel;ComTel;prepaid;postpaid;10;2019;4994
SurTel;ComTel;postpaid;postpaid;10;2019;19786
Otros;ComTel;prepaid;prepaid;10;2019;8
Otros;ComTel;prepaid;postpaid;10;2019;3
PeruTel;ComTel;prepaid;prepaid;10;2019;74113
PeruTel;ComTel;postpaid;prepaid;10;2019;1821
PeruTel;ComTel;prepaid;postpaid;10;2019;9180
PeruTel;ComTel;postpaid;postpaid;10;2019;24298
OrientTel;ComTel;prepaid;prepaid;10;2019;13331
OrientTel;ComTel;postpaid;prepaid;10;2019;2136
OrientTel;ComTel;prepaid;postpaid;10;2019;4888
OrientTel;ComTel;postpaid;postpaid;10;2019;13579
SurTel;ComTel;prepaid;prepaid;11;2019;10742
SurTel;ComTel;postpaid;prepaid;11;2019;1973
SurTel;ComTel;prepaid;postpaid;11;2019;3910
SurTel;ComTel;postpaid;postpaid;11;2019;19779
Otros;ComTel;prepaid;prepaid;11;2019;6
Otros;ComTel;prepaid;postpaid;11;2019;1
PeruTel;ComTel;prepaid;prepaid;11;2019;82153
PeruTel;ComTel;postpaid;prepaid;11;2019;1898
PeruTel;ComTel;prepaid;postpaid;11;2019;9188
PeruTel;ComTel;postpaid;postpaid;11;2019;24537
OrientTel;ComTel;prepaid;prepaid;11;2019;11615
OrientTel;ComTel;postpaid;prepaid;11;2019;2114
OrientTel;ComTel;prepaid;postpaid;11;2019;4039
OrientTel;ComTel;postpaid;postpaid;11;2019;12514
SurTel;ComTel;postpaid;postpaid;12;2019;24943
SurTel;ComTel;prepaid;prepaid;12;2019;12595
SurTel;ComTel;prepaid;postpaid;12;2019;3594
SurTel;ComTel;postpaid;prepaid;12;2019;2015
Otros;ComTel;prepaid;prepaid;12;2019;8
Otros;ComTel;prepaid;postpaid;12;2019;1
PeruTel;ComTel;postpaid;postpaid;12;2019;33440
PeruTel;ComTel;prepaid;prepaid;12;2019;62404
PeruTel;ComTel;postpaid;prepaid;12;2019;2104
PeruTel;ComTel;prepaid;postpaid;12;2019;7384
OrientTel;ComTel;postpaid;postpaid;12;2019;14046
OrientTel;ComTel;postpaid;prepaid;12;2019;2390
OrientTel;ComTel;prepaid;prepaid;12;2019;12824
OrientTel;ComTel;prepaid;postpaid;12;2019;3435
SurTel;ComTel;postpaid;postpaid;1;2020;29005
SurTel;ComTel;prepaid;prepaid;1;2020;11217
SurTel;ComTel;prepaid;postpaid;1;2020;4105
SurTel;ComTel;postpaid;prepaid;1;2020;2173
Otros;ComTel;prepaid;prepaid;1;2020;3
Otros;ComTel;prepaid;prepaid;1;2020;8
Otros;ComTel;prepaid;postpaid;1;2020;1
PeruTel;ComTel;prepaid;prepaid;1;2020;61948
PeruTel;ComTel;postpaid;postpaid;1;2020;39986
PeruTel;ComTel;postpaid;prepaid;1;2020;1721
PeruTel;ComTel;prepaid;postpaid;1;2020;7427
OrientTel;ComTel;prepaid;prepaid;1;2020;11078
OrientTel;ComTel;postpaid;postpaid;1;2020;14711
OrientTel;ComTel;prepaid;postpaid;1;2020;3577
OrientTel;ComTel;postpaid;prepaid;1;2020;1859
SurTel;ComTel;postpaid;postpaid;2;2020;30977
SurTel;ComTel;prepaid;postpaid;2;2020;4119
SurTel;ComTel;prepaid;prepaid;2;2020;14871
SurTel;ComTel;postpaid;prepaid;2;2020;2160
Otros;ComTel;prepaid;postpaid;2;2020;10
Otros;ComTel;prepaid;prepaid;2;2020;15
Otros;ComTel;prepaid;postpaid;2;2020;7
PeruTel;ComTel;prepaid;prepaid;2;2020;65708
PeruTel;ComTel;prepaid;postpaid;2;2020;6579
PeruTel;ComTel;postpaid;postpaid;2;2020;41060
PeruTel;ComTel;postpaid;prepaid;2;2020;1696
OrientTel;ComTel;prepaid;prepaid;2;2020;11004
OrientTel;ComTel;postpaid;postpaid;2;2020;14080
OrientTel;ComTel;prepaid;postpaid;2;2020;3484
OrientTel;ComTel;postpaid;prepaid;2;2020;1723
SurTel;ComTel;postpaid;postpaid;3;2020;16831
SurTel;ComTel;prepaid;postpaid;3;2020;2152
SurTel;ComTel;prepaid;prepaid;3;2020;5392
SurTel;ComTel;postpaid;prepaid;3;2020;1178
Otros;ComTel;prepaid;postpaid;3;2020;1
Otros;ComTel;postpaid;postpaid;3;2020;6
Otros;ComTel;prepaid;prepaid;3;2020;2
Otros;ComTel;prepaid;postpaid;3;2020;1
PeruTel;ComTel;postpaid;postpaid;3;2020;22535
PeruTel;ComTel;prepaid;prepaid;3;2020;31531
PeruTel;ComTel;prepaid;postpaid;3;2020;2980
PeruTel;ComTel;postpaid;prepaid;3;2020;990
OrientTel;ComTel;postpaid;prepaid;3;2020;987
OrientTel;ComTel;postpaid;postpaid;3;2020;7890
OrientTel;ComTel;prepaid;prepaid;3;2020;5956
OrientTel;ComTel;prepaid;postpaid;3;2020;1805
SurTel;ComTel;postpaid;postpaid;5;2020;2221
SurTel;ComTel;prepaid;prepaid;5;2020;1078
SurTel;ComTel;postpaid;prepaid;5;2020;376
SurTel;ComTel;prepaid;postpaid;5;2020;549
Otros;ComTel;prepaid;postpaid;5;2020;2
Otros;ComTel;prepaid;prepaid;5;2020;2
Otros;ComTel;prepaid;prepaid;5;2020;4
PeruTel;ComTel;postpaid;postpaid;5;2020;2669
PeruTel;ComTel;prepaid;prepaid;5;2020;1500
PeruTel;ComTel;postpaid;prepaid;5;2020;280
PeruTel;ComTel;prepaid;postpaid;5;2020;758
OrientTel;ComTel;postpaid;postpaid;5;2020;1220
OrientTel;ComTel;prepaid;postpaid;5;2020;722
OrientTel;ComTel;prepaid;prepaid;5;2020;1805
OrientTel;ComTel;postpaid;prepaid;5;2020;324
SurTel;ComTel;postpaid;postpaid;6;2020;5807
SurTel;ComTel;prepaid;prepaid;6;2020;3015
SurTel;ComTel;prepaid;postpaid;6;2020;1360
SurTel;ComTel;postpaid;prepaid;6;2020;701
Otros;ComTel;prepaid;prepaid;6;2020;2
Otros;ComTel;postpaid;prepaid;6;2020;1
Otros;ComTel;prepaid;prepaid;6;2020;6
PeruTel;ComTel;postpaid;postpaid;6;2020;7300
PeruTel;ComTel;prepaid;prepaid;6;2020;4063
PeruTel;ComTel;prepaid;postpaid;6;2020;1856
PeruTel;ComTel;postpaid;prepaid;6;2020;732
OrientTel;ComTel;prepaid;postpaid;6;2020;1531
OrientTel;ComTel;postpaid;prepaid;6;2020;574
OrientTel;ComTel;prepaid;prepaid;6;2020;3585
OrientTel;ComTel;postpaid;postpaid;6;2020;2624
SurTel;ComTel;prepaid;prepaid;7;2020;9753
SurTel;ComTel;prepaid;postpaid;7;2020;2505
SurTel;ComTel;postpaid;postpaid;7;2020;15402
SurTel;ComTel;postpaid;prepaid;7;2020;1835
Otros;ComTel;prepaid;postpaid;7;2020;2
Otros;ComTel;postpaid;postpaid;7;2020;2
Otros;ComTel;prepaid;prepaid;7;2020;5
Otros;ComTel;prepaid;postpaid;7;2020;1
PeruTel;ComTel;postpaid;postpaid;7;2020;20553
PeruTel;ComTel;prepaid;prepaid;7;2020;11643
PeruTel;ComTel;prepaid;postpaid;7;2020;2925
PeruTel;ComTel;postpaid;prepaid;7;2020;1543
OrientTel;ComTel;prepaid;prepaid;7;2020;9508
OrientTel;ComTel;postpaid;postpaid;7;2020;7538
OrientTel;ComTel;prepaid;postpaid;7;2020;2324
OrientTel;ComTel;postpaid;prepaid;7;2020;1701
SurTel;ComTel;postpaid;postpaid;8;2020;16040
SurTel;ComTel;prepaid;prepaid;8;2020;11398
SurTel;ComTel;prepaid;postpaid;8;2020;4099
SurTel;ComTel;postpaid;prepaid;8;2020;1512
Otros;ComTel;prepaid;prepaid;8;2020;9
Otros;ComTel;postpaid;postpaid;8;2020;11
Otros;ComTel;prepaid;postpaid;8;2020;3
Otros;ComTel;prepaid;prepaid;8;2020;25
Otros;ComTel;prepaid;postpaid;8;2020;24
PeruTel;ComTel;postpaid;postpaid;8;2020;15986
PeruTel;ComTel;prepaid;prepaid;8;2020;12858
PeruTel;ComTel;prepaid;postpaid;8;2020;4204
PeruTel;ComTel;postpaid;prepaid;8;2020;1113
OrientTel;ComTel;prepaid;prepaid;8;2020;11409
OrientTel;ComTel;postpaid;postpaid;8;2020;9798
OrientTel;ComTel;prepaid;postpaid;8;2020;3379
OrientTel;ComTel;postpaid;prepaid;8;2020;1663
Otros;ComTel;postpaid;postpaid;9;2020;8
Otros;ComTel;prepaid;postpaid;9;2020;7
Otros;ComTel;prepaid;prepaid;9;2020;3
SurTel;ComTel;postpaid;postpaid;9;2020;19233
SurTel;ComTel;prepaid;prepaid;9;2020;9763
SurTel;ComTel;prepaid;postpaid;9;2020;7226
SurTel;ComTel;postpaid;prepaid;9;2020;1146
PeruTel;ComTel;prepaid;prepaid;9;2020;13870
PeruTel;ComTel;postpaid;postpaid;9;2020;18999
PeruTel;ComTel;prepaid;postpaid;9;2020;7205
PeruTel;ComTel;postpaid;prepaid;9;2020;865
OrientTel;ComTel;postpaid;postpaid;9;2020;13004
OrientTel;ComTel;prepaid;prepaid;9;2020;9394
OrientTel;ComTel;prepaid;postpaid;9;2020;5227
OrientTel;ComTel;postpaid;prepaid;9;2020;1615
Otros;ComTel;prepaid;postpaid;9;2020;421
Otros;ComTel;prepaid;prepaid;9;2020;256
Otros;ComTel;prepaid;prepaid;10;2020;6
Otros;ComTel;postpaid;postpaid;10;2020;8
Otros;ComTel;prepaid;postpaid;10;2020;13
SurTel;ComTel;postpaid;postpaid;10;2020;21436
SurTel;ComTel;prepaid;prepaid;10;2020;12624
SurTel;ComTel;prepaid;postpaid;10;2020;8933
SurTel;ComTel;postpaid;prepaid;10;2020;1454
PeruTel;ComTel;postpaid;postpaid;10;2020;18898
PeruTel;ComTel;prepaid;postpaid;10;2020;8303
PeruTel;ComTel;prepaid;prepaid;10;2020;18820
PeruTel;ComTel;postpaid;prepaid;10;2020;940
OrientTel;ComTel;prepaid;postpaid;10;2020;5922
OrientTel;ComTel;postpaid;postpaid;10;2020;14535
OrientTel;ComTel;prepaid;prepaid;10;2020;10003
OrientTel;ComTel;postpaid;prepaid;10;2020;1844
Otros;ComTel;prepaid;prepaid;10;2020;601
Otros;ComTel;prepaid;postpaid;10;2020;882
Otros;ComTel;prepaid;prepaid;11;2020;8
Otros;ComTel;prepaid;postpaid;11;2020;10
Otros;ComTel;postpaid;postpaid;11;2020;12
Otros;ComTel;postpaid;prepaid;11;2020;3
SurTel;ComTel;postpaid;postpaid;11;2020;24149
SurTel;ComTel;prepaid;prepaid;11;2020;13581
SurTel;ComTel;postpaid;prepaid;11;2020;1429
SurTel;ComTel;prepaid;postpaid;11;2020;8891
PeruTel;ComTel;postpaid;postpaid;11;2020;21206
PeruTel;ComTel;prepaid;postpaid;11;2020;7593
PeruTel;ComTel;prepaid;prepaid;11;2020;15647
PeruTel;ComTel;postpaid;prepaid;11;2020;910
OrientTel;ComTel;prepaid;postpaid;11;2020;5514
OrientTel;ComTel;prepaid;prepaid;11;2020;8993
OrientTel;ComTel;postpaid;postpaid;11;2020;14604
OrientTel;ComTel;postpaid;prepaid;11;2020;1574
Otros;ComTel;prepaid;postpaid;11;2020;1141
Otros;ComTel;prepaid;prepaid;11;2020;803
SurTel;ComTel;prepaid;prepaid;12;2020;15689
SurTel;ComTel;prepaid;postpaid;12;2020;8432
SurTel;ComTel;postpaid;postpaid;12;2020;26638
SurTel;ComTel;postpaid;prepaid;12;2020;1590
OrientTel;ComTel;prepaid;prepaid;12;2020;9971
OrientTel;ComTel;postpaid;postpaid;12;2020;14755
OrientTel;ComTel;prepaid;postpaid;12;2020;5561
OrientTel;ComTel;postpaid;prepaid;12;2020;1617
PeruTel;ComTel;postpaid;postpaid;12;2020;26105
PeruTel;ComTel;prepaid;prepaid;12;2020;13987
PeruTel;ComTel;prepaid;postpaid;12;2020;7014
PeruTel;ComTel;postpaid;prepaid;12;2020;1145
Otros;ComTel;prepaid;prepaid;12;2020;721
Otros;ComTel;prepaid;postpaid;12;2020;1070
Otros;ComTel;postpaid;postpaid;12;2020;17
Otros;ComTel;prepaid;prepaid;12;2020;8
Otros;ComTel;prepaid;postpaid;12;2020;16
Otros;ComTel;postpaid;prepaid;12;2020;3
OrientTel;ComTel;prepaid;prepaid;1;2021;9392
OrientTel;ComTel;postpaid;postpaid;1;2021;13875
OrientTel;ComTel;prepaid;postpaid;1;2021;5432
OrientTel;ComTel;postpaid;prepaid;1;2021;1744
SurTel;ComTel;postpaid;postpaid;1;2021;25519
SurTel;ComTel;prepaid;postpaid;1;2021;7838
SurTel;ComTel;prepaid;prepaid;1;2021;11914
SurTel;ComTel;postpaid;prepaid;1;2021;1633
PeruTel;ComTel;postpaid;postpaid;1;2021;29264
PeruTel;ComTel;prepaid;prepaid;1;2021;12361
PeruTel;ComTel;prepaid;postpaid;1;2021;6582
PeruTel;ComTel;postpaid;prepaid;1;2021;983
Otros;ComTel;prepaid;prepaid;1;2021;607
Otros;ComTel;prepaid;postpaid;1;2021;1002
Otros;ComTel;prepaid;prepaid;1;2021;16
Otros;ComTel;prepaid;postpaid;1;2021;31
Otros;ComTel;postpaid;postpaid;1;2021;10
Otros;ComTel;postpaid;prepaid;1;2021;1
SurTel;ComTel;postpaid;postpaid;2;2021;20354
SurTel;ComTel;prepaid;prepaid;2;2021;8208
SurTel;ComTel;prepaid;postpaid;2;2021;6040
SurTel;ComTel;postpaid;prepaid;2;2021;1065
OrientTel;ComTel;prepaid;prepaid;2;2021;6931
OrientTel;ComTel;postpaid;prepaid;2;2021;1312
OrientTel;ComTel;postpaid;postpaid;2;2021;11418
OrientTel;ComTel;prepaid;postpaid;2;2021;4064
PeruTel;ComTel;prepaid;prepaid;2;2021;10778
PeruTel;ComTel;postpaid;postpaid;2;2021;20824
PeruTel;ComTel;prepaid;postpaid;2;2021;5571
PeruTel;ComTel;postpaid;prepaid;2;2021;902
Otros;ComTel;prepaid;prepaid;2;2021;405
Otros;ComTel;prepaid;postpaid;2;2021;595
Otros;ComTel;prepaid;postpaid;2;2021;33
Otros;ComTel;prepaid;prepaid;2;2021;17
PeruTel;ComTel;prepaid;prepaid;3;2021;15947
PeruTel;ComTel;postpaid;postpaid;3;2021;26272
PeruTel;ComTel;prepaid;postpaid;3;2021;9058
PeruTel;ComTel;postpaid;prepaid;3;2021;1015
OrientTel;ComTel;postpaid;postpaid;3;2021;18355
OrientTel;ComTel;prepaid;prepaid;3;2021;11008
OrientTel;ComTel;prepaid;postpaid;3;2021;7035
OrientTel;ComTel;postpaid;prepaid;3;2021;1897
SurTel;ComTel;postpaid;postpaid;3;2021;29553
SurTel;ComTel;prepaid;prepaid;3;2021;13377
SurTel;ComTel;postpaid;prepaid;3;2021;1447
SurTel;ComTel;prepaid;postpaid;3;2021;9472
Otros;ComTel;prepaid;postpaid;3;2021;721
Otros;ComTel;prepaid;prepaid;3;2021;484
Otros;ComTel;prepaid;postpaid;3;2021;51
Otros;ComTel;prepaid;prepaid;3;2021;23
PeruTel;ComTel;prepaid;prepaid;4;2021;15947
PeruTel;ComTel;postpaid;postpaid;4;2021;26272
PeruTel;ComTel;prepaid;postpaid;4;2021;9058
PeruTel;ComTel;postpaid;prepaid;4;2021;1015
OrientTel;ComTel;postpaid;postpaid;4;2021;18355
OrientTel;ComTel;prepaid;prepaid;4;2021;11008
OrientTel;ComTel;prepaid;postpaid;4;2021;7035
OrientTel;ComTel;postpaid;prepaid;4;2021;1897
SurTel;ComTel;postpaid;postpaid;4;2021;29553
SurTel;ComTel;prepaid;prepaid;4;2021;13377
SurTel;ComTel;postpaid;prepaid;4;2021;1447
SurTel;ComTel;prepaid;postpaid;4;2021;9472
Otros;ComTel;prepaid;postpaid;4;2021;721
Otros;ComTel;prepaid;prepaid;4;2021;484
Otros;ComTel;prepaid;postpaid;4;2021;51
Otros;ComTel;prepaid;prepaid;4;2021;23
SurTel;ComTel;postpaid;postpaid;5;2021;30468
SurTel;ComTel;prepaid;prepaid;5;2021;12605
SurTel;ComTel;prepaid;postpaid;5;2021;8151
SurTel;ComTel;postpaid;prepaid;5;2021;1207
OrientTel;ComTel;postpaid;postpaid;5;2021;17645
OrientTel;ComTel;prepaid;postpaid;5;2021;6280
OrientTel;ComTel;prepaid;prepaid;5;2021;11460
OrientTel;ComTel;postpaid;prepaid;5;2021;1987
PeruTel;ComTel;postpaid;postpaid;5;2021;31860
PeruTel;ComTel;prepaid;prepaid;5;2021;14459
PeruTel;ComTel;prepaid;postpaid;5;2021;7341
PeruTel;ComTel;postpaid;prepaid;5;2021;1136
Otros;ComTel;prepaid;postpaid;5;2021;90
Otros;ComTel;prepaid;prepaid;5;2021;45
Otros;ComTel;prepaid;postpaid;5;2021;596
Otros;ComTel;prepaid;prepaid;5;2021;323
OrientTel;ComTel;postpaid;postpaid;6;2021;18033
OrientTel;ComTel;prepaid;prepaid;6;2021;10960
OrientTel;ComTel;prepaid;postpaid;6;2021;6745
OrientTel;ComTel;postpaid;prepaid;6;2021;1865
SurTel;ComTel;postpaid;postpaid;6;2021;26239
SurTel;ComTel;prepaid;prepaid;6;2021;12116
SurTel;ComTel;prepaid;postpaid;6;2021;8330
SurTel;ComTel;postpaid;prepaid;6;2021;1139
PeruTel;ComTel;postpaid;postpaid;6;2021;33072
PeruTel;ComTel;prepaid;prepaid;6;2021;13571
PeruTel;ComTel;prepaid;postpaid;6;2021;7415
PeruTel;ComTel;postpaid;prepaid;6;2021;1344
Otros;ComTel;prepaid;prepaid;6;2021;297
Otros;ComTel;prepaid;postpaid;6;2021;536
Otros;ComTel;prepaid;prepaid;6;2021;49
Otros;ComTel;prepaid;postpaid;6;2021;112
SurTel;ComTel;postpaid;prepaid;7;2021;1449
SurTel;ComTel;postpaid;postpaid;7;2021;30001
SurTel;ComTel;prepaid;prepaid;7;2021;14699
SurTel;ComTel;prepaid;postpaid;7;2021;9486
PeruTel;ComTel;postpaid;postpaid;7;2021;36087
PeruTel;ComTel;prepaid;prepaid;7;2021;15626
PeruTel;ComTel;prepaid;postpaid;7;2021;7732
PeruTel;ComTel;postpaid;prepaid;7;2021;1646
OrientTel;ComTel;postpaid;postpaid;7;2021;19943
OrientTel;ComTel;prepaid;prepaid;7;2021;12051
OrientTel;ComTel;prepaid;postpaid;7;2021;7111
OrientTel;ComTel;postpaid;prepaid;7;2021;1933
Otros;ComTel;prepaid;postpaid;7;2021;581
Otros;ComTel;prepaid;prepaid;7;2021;320
Otros;ComTel;prepaid;prepaid;7;2021;63
Otros;ComTel;prepaid;postpaid;7;2021;119
PeruTel;ComTel;postpaid;prepaid;8;2021;1469
PeruTel;ComTel;postpaid;postpaid;8;2021;34177
PeruTel;ComTel;prepaid;postpaid;8;2021;7937
PeruTel;ComTel;prepaid;prepaid;8;2021;15246
OrientTel;ComTel;prepaid;prepaid;8;2021;11254
OrientTel;ComTel;postpaid;postpaid;8;2021;19077
OrientTel;ComTel;postpaid;prepaid;8;2021;1756
OrientTel;ComTel;prepaid;postpaid;8;2021;7090
SurTel;ComTel;postpaid;postpaid;8;2021;30546
SurTel;ComTel;prepaid;prepaid;8;2021;14168
SurTel;ComTel;postpaid;prepaid;8;2021;1190
SurTel;ComTel;prepaid;postpaid;8;2021;9231
Otros;ComTel;prepaid;postpaid;8;2021;570
Otros;ComTel;prepaid;prepaid;8;2021;257
Otros;ComTel;prepaid;postpaid;8;2021;131
Otros;ComTel;prepaid;prepaid;8;2021;64
SurTel;ComTel;prepaid;prepaid;10;2021;16872
SurTel;ComTel;prepaid;postpaid;10;2021;9504
SurTel;ComTel;postpaid;postpaid;10;2021;41208
SurTel;ComTel;postpaid;prepaid;10;2021;1155
OrientTel;ComTel;postpaid;prepaid;10;2021;1447
OrientTel;ComTel;prepaid;postpaid;10;2021;7652
OrientTel;ComTel;postpaid;postpaid;10;2021;23977
OrientTel;ComTel;prepaid;prepaid;10;2021;9346
PeruTel;ComTel;prepaid;prepaid;10;2021;9873
PeruTel;ComTel;postpaid;postpaid;10;2021;46209
PeruTel;ComTel;prepaid;postpaid;10;2021;7807
PeruTel;ComTel;postpaid;prepaid;10;2021;1207
Otros;ComTel;prepaid;postpaid;10;2021;533
Otros;ComTel;prepaid;prepaid;10;2021;233
Otros;ComTel;prepaid;prepaid;10;2021;62
Otros;ComTel;prepaid;postpaid;10;2021;213
Otros;ComTel;postpaid;postpaid;10;2021;1
OrientTel;ComTel;postpaid;postpaid;11;2021;22161
OrientTel;ComTel;prepaid;postpaid;11;2021;7440
OrientTel;ComTel;prepaid;prepaid;11;2021;8211
OrientTel;ComTel;postpaid;prepaid;11;2021;1407
SurTel;ComTel;postpaid;postpaid;11;2021;39623
SurTel;ComTel;prepaid;prepaid;11;2021;14750
SurTel;ComTel;postpaid;prepaid;11;2021;1133
SurTel;ComTel;prepaid;postpaid;11;2021;9431
PeruTel;ComTel;postpaid;postpaid;11;2021;43506
PeruTel;ComTel;postpaid;prepaid;11;2021;1088
PeruTel;ComTel;prepaid;prepaid;11;2021;12218
PeruTel;ComTel;prepaid;postpaid;11;2021;8080
Otros;ComTel;prepaid;postpaid;11;2021;222
Otros;ComTel;prepaid;prepaid;11;2021;61
Otros;ComTel;postpaid;postpaid;11;2021;1
Otros;ComTel;prepaid;prepaid;11;2021;177
Otros;ComTel;prepaid;postpaid;11;2021;430
PeruTel;ComTel;prepaid;prepaid;9;2021;9627
PeruTel;ComTel;postpaid;postpaid;9;2021;43936
PeruTel;ComTel;prepaid;postpaid;9;2021;7307
PeruTel;ComTel;postpaid;prepaid;9;2021;1261
OrientTel;ComTel;postpaid;postpaid;9;2021;21909
OrientTel;ComTel;prepaid;prepaid;9;2021;9057
OrientTel;ComTel;prepaid;postpaid;9;2021;7336
OrientTel;ComTel;postpaid;prepaid;9;2021;1576
SurTel;ComTel;prepaid;prepaid;9;2021;14371
SurTel;ComTel;postpaid;postpaid;9;2021;37787
SurTel;ComTel;prepaid;postpaid;9;2021;8904
SurTel;ComTel;postpaid;prepaid;9;2021;1122
Otros;ComTel;prepaid;prepaid;9;2021;218
Otros;ComTel;prepaid;postpaid;9;2021;493
Otros;ComTel;prepaid;postpaid;9;2021;150
Otros;ComTel;prepaid;prepaid;9;2021;49
Otros;ComTel;postpaid;postpaid;9;2021;2
SurTel;ComTel;prepaid;prepaid;10;2021;16872
SurTel;ComTel;prepaid;postpaid;10;2021;9504
SurTel;ComTel;postpaid;postpaid;10;2021;41208
SurTel;ComTel;postpaid;prepaid;10;2021;1155
OrientTel;ComTel;postpaid;prepaid;10;2021;1447
OrientTel;ComTel;prepaid;postpaid;10;2021;7652
OrientTel;ComTel;postpaid;postpaid;10;2021;23977
OrientTel;ComTel;prepaid;prepaid;10;2021;9346
PeruTel;ComTel;prepaid;prepaid;10;2021;9873
PeruTel;ComTel;postpaid;postpaid;10;2021;46209
PeruTel;ComTel;prepaid;postpaid;10;2021;7807
PeruTel;ComTel;postpaid;prepaid;10;2021;1207
Otros;ComTel;prepaid;postpaid;10;2021;533
Otros;ComTel;prepaid;prepaid;10;2021;233
Otros;ComTel;prepaid;prepaid;10;2021;62
Otros;ComTel;prepaid;postpaid;10;2021;213
Otros;ComTel;postpaid;postpaid;10;2021;1
OrientTel;ComTel;postpaid;postpaid;11;2021;22161
OrientTel;ComTel;prepaid;postpaid;11;2021;7440
OrientTel;ComTel;prepaid;prepaid;11;2021;8211
OrientTel;ComTel;postpaid;prepaid;11;2021;1407
SurTel;ComTel;postpaid;postpaid;11;2021;39623
SurTel;ComTel;prepaid;prepaid;11;2021;14750
SurTel;ComTel;postpaid;prepaid;11;2021;1133
SurTel;ComTel;prepaid;postpaid;11;2021;9431
PeruTel;ComTel;postpaid;postpaid;11;2021;43506
PeruTel;ComTel;postpaid;prepaid;11;2021;1088
PeruTel;ComTel;prepaid;prepaid;11;2021;12218
PeruTel;ComTel;prepaid;postpaid;11;2021;8080
Otros;ComTel;prepaid;postpaid;11;2021;222
Otros;ComTel;prepaid;prepaid;11;2021;61
Otros;ComTel;postpaid;postpaid;11;2021;1
Otros;ComTel;prepaid;prepaid;11;2021;177
Otros;ComTel;prepaid;postpaid;11;2021;430
Otros;ComTel;prepaid;prepaid;12;2021;83
Otros;ComTel;prepaid;postpaid;12;2021;221
SurTel;ComTel;postpaid;postpaid;12;2021;43662
SurTel;ComTel;prepaid;postpaid;12;2021;7191
SurTel;ComTel;postpaid;prepaid;12;2021;1134
SurTel;ComTel;prepaid;prepaid;12;2021;9367
PeruTel;ComTel;postpaid;prepaid;12;2021;1020
PeruTel;ComTel;prepaid;prepaid;12;2021;13400
PeruTel;ComTel;postpaid;postpaid;12;2021;43855
PeruTel;ComTel;prepaid;postpaid;12;2021;7144
OrientTel;ComTel;postpaid;prepaid;12;2021;1667
OrientTel;ComTel;prepaid;postpaid;12;2021;6408
OrientTel;ComTel;postpaid;postpaid;12;2021;22797
OrientTel;ComTel;prepaid;prepaid;12;2021;9001
Otros;ComTel;prepaid;prepaid;12;2021;173
Otros;ComTel;prepaid;postpaid;12;2021;398
Otros;ComTel;prepaid;postpaid;1;2022;176
Otros;ComTel;prepaid;prepaid;1;2022;78
SurTel;ComTel;postpaid;postpaid;1;2022;37149
SurTel;ComTel;prepaid;postpaid;1;2022;5763
SurTel;ComTel;postpaid;prepaid;1;2022;1328
SurTel;ComTel;prepaid;prepaid;1;2022;8978
PeruTel;ComTel;postpaid;postpaid;1;2022;36418
PeruTel;ComTel;prepaid;postpaid;1;2022;5527
PeruTel;ComTel;postpaid;prepaid;1;2022;1416
PeruTel;ComTel;prepaid;prepaid;1;2022;13420
OrientTel;ComTel;postpaid;postpaid;1;2022;17208
OrientTel;ComTel;prepaid;postpaid;1;2022;5069
OrientTel;ComTel;postpaid;prepaid;1;2022;1990
OrientTel;ComTel;prepaid;prepaid;1;2022;8225
Otros;ComTel;prepaid;postpaid;1;2022;362
Otros;ComTel;prepaid;prepaid;1;2022;158
Otros;ComTel;postpaid;postpaid;2;2022;1
Otros;ComTel;prepaid;postpaid;2;2022;151
Otros;ComTel;postpaid;prepaid;2;2022;3
Otros;ComTel;prepaid;prepaid;2;2022;76
SurTel;ComTel;postpaid;postpaid;2;2022;5480
SurTel;ComTel;prepaid;postpaid;2;2022;1141
SurTel;ComTel;postpaid;prepaid;2;2022;8093
SurTel;ComTel;prepaid;prepaid;2;2022;31666
PeruTel;ComTel;postpaid;postpaid;2;2022;1409
PeruTel;ComTel;prepaid;postpaid;2;2022;16299
PeruTel;ComTel;postpaid;prepaid;2;2022;39792
PeruTel;ComTel;prepaid;prepaid;2;2022;5684
OrientTel;ComTel;postpaid;postpaid;2;2022;15635
OrientTel;ComTel;prepaid;postpaid;2;2022;1619
OrientTel;ComTel;postpaid;prepaid;2;2022;4648
OrientTel;ComTel;prepaid;prepaid;2;2022;8002
Otros;ComTel;prepaid;postpaid;2;2022;290
Otros;ComTel;prepaid;prepaid;2;2022;117
Otros;ComTel;postpaid;postpaid;3;2022;1
Otros;ComTel;prepaid;postpaid;3;2022;161
Otros;ComTel;prepaid;prepaid;3;2022;87
SurTel;ComTel;postpaid;postpaid;3;2022;36096
SurTel;ComTel;prepaid;postpaid;3;2022;6252
SurTel;ComTel;postpaid;prepaid;3;2022;1361
SurTel;ComTel;prepaid;prepaid;3;2022;9615
PeruTel;ComTel;postpaid;postpaid;3;2022;40463
PeruTel;ComTel;prepaid;postpaid;3;2022;6834
PeruTel;ComTel;postpaid;prepaid;3;2022;1704
PeruTel;ComTel;prepaid;prepaid;3;2022;16157
OrientTel;ComTel;postpaid;postpaid;3;2022;19262
OrientTel;ComTel;prepaid;postpaid;3;2022;5578
OrientTel;ComTel;postpaid;prepaid;3;2022;1967
OrientTel;ComTel;prepaid;prepaid;3;2022;9671
Otros;ComTel;prepaid;postpaid;3;2022;336
Otros;ComTel;prepaid;prepaid;3;2022;167
PeruTel;ComTel;postpaid;postpaid;4;2022;38466
PeruTel;ComTel;prepaid;prepaid;4;2022;14441
PeruTel;ComTel;postpaid;prepaid;4;2022;1368
PeruTel;ComTel;prepaid;postpaid;4;2022;6078
OrientTel;ComTel;postpaid;prepaid;4;2022;1677
OrientTel;ComTel;postpaid;postpaid;4;2022;17698
OrientTel;ComTel;prepaid;prepaid;4;2022;7914
OrientTel;ComTel;prepaid;postpaid;4;2022;5083
SurTel;ComTel;prepaid;prepaid;4;2022;8992
SurTel;ComTel;postpaid;postpaid;4;2022;33674
SurTel;ComTel;prepaid;postpaid;4;2022;6126
SurTel;ComTel;postpaid;prepaid;4;2022;1186
Otros;ComTel;prepaid;postpaid;4;2022;143
Otros;ComTel;prepaid;prepaid;4;2022;55
Otros;ComTel;postpaid;postpaid;4;2022;12
Otros;ComTel;postpaid;prepaid;4;2022;3
Otros;ComTel;prepaid;postpaid;4;2022;270
Otros;ComTel;prepaid;prepaid;4;2022;133
PeruTel;ComTel;postpaid;prepaid;5;2022;1402
PeruTel;ComTel;prepaid;prepaid;5;2022;15868
PeruTel;ComTel;postpaid;postpaid;5;2022;42255
PeruTel;ComTel;prepaid;postpaid;5;2022;6809
OrientTel;ComTel;prepaid;prepaid;5;2022;8216
OrientTel;ComTel;postpaid;postpaid;5;2022;20802
OrientTel;ComTel;prepaid;postpaid;5;2022;5851
OrientTel;ComTel;postpaid;prepaid;5;2022;1702
SurTel;ComTel;prepaid;prepaid;5;2022;9658
SurTel;ComTel;postpaid;postpaid;5;2022;38873
SurTel;ComTel;prepaid;postpaid;5;2022;6730
SurTel;ComTel;postpaid;prepaid;5;2022;1135
Otros;ComTel;prepaid;prepaid;5;2022;118
Otros;ComTel;prepaid;postpaid;5;2022;314
Otros;ComTel;prepaid;prepaid;5;2022;55
Otros;ComTel;prepaid;postpaid;5;2022;152
SurTel;ComTel;postpaid;postpaid;6;2022;33065
SurTel;ComTel;prepaid;postpaid;6;2022;5758
SurTel;ComTel;prepaid;prepaid;6;2022;9063
SurTel;ComTel;postpaid;prepaid;6;2022;1037
PeruTel;ComTel;postpaid;postpaid;6;2022;36113
PeruTel;ComTel;prepaid;prepaid;6;2022;11583
PeruTel;ComTel;postpaid;prepaid;6;2022;1385
PeruTel;ComTel;prepaid;postpaid;6;2022;5563
OrientTel;ComTel;postpaid;postpaid;6;2022;17329
OrientTel;ComTel;prepaid;prepaid;6;2022;8493
OrientTel;ComTel;postpaid;prepaid;6;2022;1650
OrientTel;ComTel;prepaid;postpaid;6;2022;5349
Otros;ComTel;prepaid;postpaid;6;2022;247
Otros;ComTel;prepaid;prepaid;6;2022;98
Otros;ComTel;prepaid;prepaid;6;2022;45
Otros;ComTel;prepaid;postpaid;6;2022;117
Otros;ComTel;postpaid;postpaid;6;2022;1
SurTel;ComTel;postpaid;postpaid;7;2022;34616
SurTel;ComTel;prepaid;prepaid;7;2022;9265
SurTel;ComTel;prepaid;postpaid;7;2022;5871
SurTel;ComTel;postpaid;prepaid;7;2022;938
PeruTel;ComTel;postpaid;postpaid;7;2022;39875
PeruTel;ComTel;prepaid;prepaid;7;2022;8315
PeruTel;ComTel;prepaid;postpaid;7;2022;5465
PeruTel;ComTel;postpaid;prepaid;7;2022;1376
OrientTel;ComTel;prepaid;postpaid;7;2022;5590
OrientTel;ComTel;postpaid;postpaid;7;2022;18008
OrientTel;ComTel;prepaid;prepaid;7;2022;9360
OrientTel;ComTel;postpaid;prepaid;7;2022;1724
Otros;ComTel;prepaid;postpaid;7;2022;226
Otros;ComTel;prepaid;prepaid;7;2022;95
Otros;ComTel;prepaid;postpaid;7;2022;120
Otros;ComTel;prepaid;prepaid;7;2022;29
SurTel;ComTel;postpaid;postpaid;8;2022;37328
SurTel;ComTel;prepaid;prepaid;8;2022;10354
SurTel;ComTel;prepaid;postpaid;8;2022;6313
SurTel;ComTel;postpaid;prepaid;8;2022;974
PeruTel;ComTel;postpaid;postpaid;8;2022;48996
PeruTel;ComTel;prepaid;postpaid;8;2022;5712
PeruTel;ComTel;prepaid;prepaid;8;2022;9037
PeruTel;ComTel;postpaid;prepaid;8;2022;1466
OrientTel;ComTel;postpaid;postpaid;8;2022;20576
OrientTel;ComTel;prepaid;prepaid;8;2022;8768
OrientTel;ComTel;postpaid;prepaid;8;2022;1703
OrientTel;ComTel;prepaid;postpaid;8;2022;5825
Otros;ComTel;prepaid;postpaid;8;2022;133
Otros;ComTel;prepaid;prepaid;8;2022;38
Otros;ComTel;prepaid;prepaid;8;2022;106
Otros;ComTel;prepaid;postpaid;8;2022;256
