company;product_line;year;revenue
ComTel;payphone;2013;10690680
ComTel;longdistance;2013;12285877
ComTel;others;2013;85336817
ComTel;landline;2013;107044890
ComTel;cabletv;2013;119579263
ComTel;data;2013;129783150
ComTel;internet;2013;171809964
ComTel;connection;2013;451196666
ComTel;devices;2013;602707188
ComTel;mobile;2013;3231865503
Others;payphone;2013;573
Others;devices;2013;37934
Others;connection;2013;1126238
Others;others;2013;3259053
Others;data;2013;5866152
Others;landline;2013;18446334
Others;longdistance;2013;43504830
Others;internet;2013;47606796
Others;devices;2013;64119
Others;data;2013;14667271
Others;data;2013;12992458
Others;cabletv;2013;23462078
Others;devices;2013;46589
Others;internet;2013;14735641
Others;landline;2013;26634419
Others;others;2013;34639637
Others;longdistance;2013;52958007
Others;devices;2013;340818
Others;connection;2013;839444
Others;landline;2013;1671567
Others;longdistance;2013;8110516
QuickTV;devices;2013;441324
QuickTV;cabletv;2013;190055140
SurTel;payphone;2013;185
SurTel;landline;2013;460362
SurTel;internet;2013;14218785
SurTel;connection;2013;51597006
SurTel;others;2013;63866079
SurTel;devices;2013;86143176
SurTel;mobile;2013;608200298
Others;connection;2013;18699
Others;longdistance;2013;4021824
Others;landline;2013;5138986
Others;internet;2013;5232000
Others;others;2013;7111000
Others;data;2013;9291000
Others;payphone;2013;13745490
Others;devices;2013;15143000
Others;others;2013;84611
Others;longdistance;2013;1246746
Others;landline;2013;1825762
Others;longdistance;2013;24345881
Others;devices;2013;4255
Others;connection;2013;36723
Others;data;2013;188218
Others;landline;2013;438673
Others;others;2013;720958
Others;longdistance;2013;1693291
Others;others;2013;31445641
Others;internet;2013;335652
Others;cabletv;2013;831840
Others;others;2013;5803204
Others;internet;2013;17859617
Others;devices;2013;1536867
Others;mobile;2013;9706606
PeruTel;longdistance;2013;111783000
PeruTel;others;2013;160052000
PeruTel;connection;2013;302327000
PeruTel;payphone;2013;412739000
PeruTel;data;2013;573606000
PeruTel;devices;2013;574764000
PeruTel;cabletv;2013;679530000
PeruTel;landline;2013;832602000
PeruTel;internet;2013;1306055000
PeruTel;mobile;2013;3876234000
Others;landline;2013;937175
Others;cabletv;2013;1666431
Others;data;2013;87518
Others;devices;2013;358645
Others;internet;2013;4057876
Others;others;2013;36412
Others;internet;2013;405169
Others;data;2013;485140
Others;payphone;2013;58801
Others;internet;2013;334447
Others;landline;2013;1270146
ComTel;payphone;2014;8848454
ComTel;longdistance;2014;12536394
ComTel;others;2014;80208287
ComTel;landline;2014;119142207
ComTel;data;2014;146716289
ComTel;cabletv;2014;150536141
ComTel;internet;2014;241389343
ComTel;connection;2014;466934200
ComTel;devices;2014;692638499
ComTel;mobile;2014;3516893188
Others;payphone;2014;1013
Others;devices;2014;86464
Others;connection;2014;1439601
Others;others;2014;5645962
Others;data;2014;8264989
Others;landline;2014;20501527
Others;longdistance;2014;43911509
Others;internet;2014;61283935
Others;devices;2014;1901
Others;data;2014;21114335
Others;data;2014;15199614
Others;cabletv;2014;24108168
Others;internet;2014;19028789
Others;landline;2014;28247205
Others;others;2014;43581007
Others;longdistance;2014;44463316
Others;others;2014;224134
Others;connection;2014;924395
Others;landline;2014;1368268
Others;longdistance;2014;2496743
Others;data;2014;7821461
QuickTV;cabletv;2014;242060271
SurTel;payphone;2014;19
SurTel;landline;2014;126879
SurTel;internet;2014;3916268
SurTel;others;2014;54359649
SurTel;connection;2014;62909866
SurTel;devices;2014;101758862
SurTel;mobile;2014;542685048
Others;connection;2014;89765
Others;longdistance;2014;3177096
Others;devices;2014;4618063
Others;landline;2014;4896680
Others;internet;2014;5123297
Others;data;2014;10431089
Others;payphone;2014;12071352
Others;others;2014;12452024
Others;longdistance;2014;19188670
Others;devices;2014;1833
Others;others;2014;39737
Others;data;2014;64895
Others;internet;2014;122700
Others;landline;2014;258863
Others;longdistance;2014;2678476
Others;others;2014;42614932
Others;others;2014;235474
Others;landline;2014;678521
Others;internet;2014;1884864
Others;longdistance;2014;7940450
Others;others;2014;5678799
Others;internet;2014;35610839
Others;connection;2014;832
Others;devices;2014;1125366
Others;landline;2014;1617359
Others;others;2014;11784279
Others;internet;2014;33470592
Others;internet;2014;46780
Others;cabletv;2014;3559090
Others;payphone;2014;32121
Others;landline;2014;79635
Others;internet;2014;201528
Others;devices;2014;247992
Others;cabletv;2014;11058819
Others;devices;2014;2164424
Others;mobile;2014;12696822
PeruTel;longdistance;2014;111733000
PeruTel;others;2014;250479000
PeruTel;payphone;2014;325787000
PeruTel;connection;2014;336349000
PeruTel;devices;2014;624881000
PeruTel;data;2014;627362000
PeruTel;cabletv;2014;722264000
PeruTel;landline;2014;755716000
PeruTel;internet;2014;1420347000
PeruTel;mobile;2014;4357909000
Others;devices;2014;716
Others;internet;2014;3660
Others;landline;2014;41509
Others;payphone;2014;72189
Others;others;2014;81765
OrientTel;data;2014;98126
OrientTel;connection;2014;3314126
OrientTel;mobile;2014;14699910
OrientTel;devices;2014;18355717
Others;cabletv;2014;1978200
Others;others;2014;21911
Others;data;2014;394745
Others;devices;2014;1594459
Others;internet;2014;5403676
Others;internet;2014;389026
Others;data;2014;560958
Others;payphone;2014;60876
Others;internet;2014;152889
Others;data;2014;426923
Others;landline;2014;788858
Others;internet;2014;21487
Others;landline;2014;124753
Others;devices;2014;192027
Others;others;2014;2399191
Others;data;2014;8108038
Others;cabletv;2015;57430
Others;internet;2015;87104
Others;cabletv;2015;789672
ComTel;payphone;2015;8907983
ComTel;longdistance;2015;11519043
ComTel;others;2015;79001615
ComTel;landline;2015;121446970
ComTel;data;2015;165718117
ComTel;cabletv;2015;166515522
ComTel;internet;2015;285304118
ComTel;connection;2015;365099892
ComTel;devices;2015;808856406
ComTel;mobile;2015;3444152820
Others;payphone;2015;3221
Others;devices;2015;141737
Others;connection;2015;1508601
Others;others;2015;7605386
Others;data;2015;11558092
Others;landline;2015;21440425
Others;longdistance;2015;40070256
Others;internet;2015;59730282
Others;others;2015;14695
Others;internet;2015;172878
Others;cabletv;2015;30042
Others;cabletv;2015;1113082
Others;devices;2015;31724
Others;payphone;2015;279199
Others;landline;2015;550366
Others;cabletv;2015;151477
Others;devices;2015;403122
Others;data;2015;21073659
Others;cabletv;2015;9319
Others;internet;2015;403774
Others;data;2015;10861749
Others;cabletv;2015;692483
Others;cabletv;2015;59261
Others;cabletv;2015;1891482
Others;cabletv;2015;1967589
Others;cabletv;2015;436529
Others;cabletv;2015;60288
Others;cabletv;2015;175422
Others;cabletv;2015;528912
Others;cabletv;2015;956723
Others;cabletv;2015;283180
Others;cabletv;2015;1124034
Others;cabletv;2015;395237
Others;cabletv;2015;2189768
Others;mobile;2015;29985
Others;devices;2015;40457
Others;internet;2015;49067
Others;cabletv;2015;30983843
Others;cabletv;2015;166445
Others;cabletv;2015;88277
Others;landline;2015;17820213
Others;internet;2015;28900988
Others;longdistance;2015;50769219
Others;data;2015;72645470
Others;cabletv;2015;49990
Others;devices;2015;305908
Others;data;2015;988034
Others;landline;2015;28550
Others;devices;2015;52509
Others;data;2015;77969
Others;others;2015;105764
Others;internet;2015;2208459
Others;longdistance;2015;556
Others;landline;2015;2559
Others;others;2015;9924
Others;cabletv;2015;943797
Others;internet;2015;21372
Others;cabletv;2015;934236
Others;cabletv;2015;3101984
Others;cabletv;2015;99495
Others;landline;2015;147
Others;internet;2015;16339
Others;data;2015;14072
Others;devices;2015;30136
Others;others;2015;202734
Others;connection;2015;457571
Others;landline;2015;1226169
Others;longdistance;2015;1768291
Others;data;2015;9125869
Others;cabletv;2015;125554
Others;internet;2015;106920
Others;cabletv;2015;529527
QuickTV;others;2015;1580129
QuickTV;devices;2015;5686538
QuickTV;cabletv;2015;242012690
Others;cabletv;2015;1530205
Others;devices;2015;2292921
Others;mobile;2015;7315835
Others;cabletv;2015;36562
Others;cabletv;2015;1650570
Others;cabletv;2015;4034455
SurTel;internet;2015;15406
SurTel;landline;2015;37321
SurTel;data;2015;54924
SurTel;others;2015;1246495
SurTel;connection;2015;113893318
SurTel;devices;2015;213171992
SurTel;mobile;2015;825536543
Others;devices;2015;1505177
Others;data;2015;7379566
Others;cabletv;2015;65020
Others;cabletv;2015;83209
Others;connection;2015;109417
Others;devices;2015;266265
Others;longdistance;2015;1602028
Others;others;2015;3537620
Others;landline;2015;3580778
Others;payphone;2015;9070758
Others;internet;2015;16109081
Others;devices;2015;279438
Others;data;2015;582218
Others;others;2015;1002949
Others;internet;2015;10458395
Others;cabletv;2015;35593
Others;cabletv;2015;84981
Others;cabletv;2015;804747
Others;others;2015;155032
Others;cabletv;2015;3475324
Others;longdistance;2015;4966593
Others;longdistance;2015;13014715
Others;data;2015;11904
Others;devices;2015;15416
Others;internet;2015;167925
Others;landline;2015;296405
Others;longdistance;2015;1803176
Others;others;2015;53923320
Others;cabletv;2015;471733
Others;cabletv;2015;70378
Others;connection;2015;346156
Others;landline;2015;556201
Others;cabletv;2015;371795
Others;cabletv;2015;136231
Others;cabletv;2015;73325
Others;cabletv;2015;47929
Others;cabletv;2015;8945
Others;cabletv;2015;963147
Others;devices;2015;8066
Others;connection;2015;8067
Others;others;2015;21318
Others;landline;2015;60367
Others;internet;2015;866710
Others;cabletv;2015;1828096
Others;cabletv;2015;1657179
Others;payphone;2015;157279
Others;landline;2015;603498
Others;data;2015;5121167
Others;longdistance;2015;8341050
Others;data;2015;6079005
Others;others;2015;5372451
Others;devices;2015;6239960
Others;mobile;2015;21362807
Others;internet;2015;21602234
Others;cabletv;2015;954583
Others;cabletv;2015;766
Others;others;2015;2178
Others;data;2015;43456
Others;internet;2015;386369
Others;devices;2015;1099942
Others;landline;2015;687020
Others;longdistance;2015;5107445
Others;data;2015;10060471
Others;others;2015;12720729
Others;internet;2015;51409354
Others;cabletv;2015;150769
Others;cabletv;2015;37010
Others;internet;2015;60696
Others;cabletv;2015;3433752
Others;cabletv;2015;990268
Others;payphone;2015;1100555
Others;cabletv;2015;293617
Others;cabletv;2015;1923033
Others;cabletv;2015;156390
Others;cabletv;2015;34900
Others;landline;2015;2869
Others;devices;2015;34650
Others;internet;2015;58686
Others;others;2015;98851
Others;cabletv;2015;824684
Others;cabletv;2015;87970
Others;cabletv;2015;58432
Others;cabletv;2015;12111762
Others;others;2015;3483898
Others;mobile;2015;14459925
Others;cabletv;2015;10071
Others;cabletv;2015;70077
Others;cabletv;2015;594080
Others;cabletv;2015;69196
Others;cabletv;2015;943797
Others;cabletv;2015;393757
PeruTel;others;2015;60355240
PeruTel;longdistance;2015;92658000
PeruTel;payphone;2015;238800000
PeruTel;connection;2015;390579000
PeruTel;devices;2015;583310000
PeruTel;landline;2015;624811000
PeruTel;data;2015;686574000
PeruTel;cabletv;2015;945944000
PeruTel;internet;2015;1437675000
PeruTel;mobile;2015;4719637760
Others;cabletv;2015;94743
Others;cabletv;2015;3118501
Others;cabletv;2015;166222
Others;cabletv;2015;407355
Others;cabletv;2015;47391
Others;cabletv;2015;205873
Others;devices;2015;157149
Others;internet;2015;351916
Others;mobile;2015;486210
Others;mobile;2015;4781
Others;internet;2015;5884
Others;others;2015;20237
Others;payphone;2015;26203
Others;landline;2015;43841
Others;data;2015;2615634
Others;internet;2015;258526
OrientTel;data;2015;3288067
OrientTel;connection;2015;35907020
OrientTel;devices;2015;75004480
OrientTel;mobile;2015;139157070
Others;cabletv;2015;2082862
Others;cabletv;2015;301056
Others;internet;2015;408770
Others;data;2015;526681
Others;payphone;2015;62270
Others;connection;2015;131130
Others;internet;2015;251162
Others;landline;2015;1787193
Others;internet;2015;8919
Others;internet;2015;12603
Others;landline;2015;96085
Others;devices;2015;261376
Others;others;2015;2615905
Others;data;2015;8837054
Others;cabletv;2016;60075
Others;internet;2016;79954
Others;cabletv;2016;1131123
ComTel;payphone;2016;7376103
ComTel;longdistance;2016;8655521
ComTel;landline;2016;130960220
ComTel;others;2016;140575842
ComTel;data;2016;156539940
ComTel;cabletv;2016;185058624
ComTel;internet;2016;333764289
ComTel;connection;2016;412388880
ComTel;devices;2016;883116261
ComTel;mobile;2016;3188010738
Others;payphone;2016;1555
Others;devices;2016;86714
Others;connection;2016;1050860
Others;others;2016;12370039
Others;data;2016;13081097
Others;landline;2016;18924185
Others;longdistance;2016;32885104
Others;internet;2016;53775446
Others;cabletv;2016;52710
Others;connection;2016;53875
Others;payphone;2016;159163
Others;landline;2016;730328
Others;cabletv;2016;144693
Others;internet;2016;137076
Others;devices;2016;874818
Others;data;2016;22223921
Others;data;2016;326195
Others;cabletv;2016;13650
Others;internet;2016;1169293
Others;data;2016;7679562
Others;cabletv;2016;453046
Others;cabletv;2016;114039
Others;cabletv;2016;1932074
Others;cabletv;2016;1857737
Others;devices;2016;41164
Others;cabletv;2016;538674
Others;cabletv;2016;71090
Others;cabletv;2016;64841
Others;cabletv;2016;521232
Others;cabletv;2016;67080
Others;internet;2016;91720
Others;cabletv;2016;3476922
Others;cabletv;2016;518575
Others;cabletv;2016;4790892
Others;others;2016;20176
Others;cabletv;2016;1000758
Others;others;2016;3814
Others;cabletv;2016;377858
Others;internet;2016;137625
Others;cabletv;2016;4635041
Others;devices;2016;49498
Others;mobile;2016;106704
Others;internet;2016;167570
Others;cabletv;2016;30830258
Others;cabletv;2016;169546
Others;cabletv;2016;119664
Others;landline;2016;19331718
Others;internet;2016;31352359
Others;longdistance;2016;55075446
Others;data;2016;78807233
Others;cabletv;2016;50000
Others;cabletv;2016;312270
Others;devices;2016;892170
Others;data;2016;1417077
Others;landline;2016;1898
Others;devices;2016;31773
Others;data;2016;72187
Others;others;2016;186322
Others;internet;2016;1239969
Others;connection;2016;10353
Others;landline;2016;22962
Others;internet;2016;72518
Others;cabletv;2016;1824522
Others;cabletv;2016;3180664
Others;cabletv;2016;114483
Others;landline;2016;379
Others;devices;2016;98122
Others;others;2016;110714
Others;internet;2016;366948
Others;devices;2016;14348
Others;data;2016;65955
Others;data;2016;82339
Others;longdistance;2016;1179914
Others;internet;2016;1204633
Others;landline;2016;2063953
Others;connection;2016;7839782
Others;cabletv;2016;148593
QuickTV;devices;2016;49947446
QuickTV;cabletv;2016;220421501
Others;cabletv;2016;1748075
Others;devices;2016;5106231
Others;mobile;2016;7248631
Others;cabletv;2016;32071
SurTel;internet;2016;913675
SurTel;landline;2016;1144760
SurTel;data;2016;1980554
SurTel;others;2016;5889411
SurTel;connection;2016;254795708
SurTel;devices;2016;268363313
SurTel;mobile;2016;1199205918
Others;devices;2016;1548956
Others;data;2016;7217240
Others;cabletv;2016;78932
Others;cabletv;2016;81513
Others;cabletv;2016;25940
Others;connection;2016;86026
Others;longdistance;2016;980893
Others;landline;2016;3226391
Others;others;2016;3340936
Others;devices;2016;3352289
Others;payphone;2016;9452234
Others;internet;2016;17461038
Others;devices;2016;494009
Others;data;2016;1710375
Others;others;2016;2197435
Others;internet;2016;8528550
Others;cabletv;2016;9320
Others;cabletv;2016;113895
Others;cabletv;2016;1045936
Others;others;2016;159307
Others;cabletv;2016;3614875
Others;longdistance;2016;3621546
Others;longdistance;2016;4096345
Others;others;2016;107928
Others;connection;2016;262683
Others;mobile;2016;565390
Others;cabletv;2016;28526
Others;internet;2016;2582460
Others;data;2016;17821361
Others;others;2016;40967983
Others;cabletv;2016;585091
Others;cabletv;2016;348115
Others;cabletv;2016;309427
Others;cabletv;2016;468576
Others;cabletv;2016;164361
Others;cabletv;2016;138314
Others;cabletv;2016;40088
Others;cabletv;2016;46642
Others;cabletv;2016;684355
Others;internet;2016;151947
Others;cabletv;2016;1759331
Others;payphone;2016;17845
Others;others;2016;559069
Others;landline;2016;665044
Others;longdistance;2016;5705915
Others;data;2016;11240809
Others;devices;2016;70752
Others;others;2016;71284
Others;data;2016;7580276
Others;others;2016;8787312
Others;data;2016;302430
Others;devices;2016;3039301
Others;mobile;2016;18480720
Others;internet;2016;19807530
Others;devices;2016;123089
Others;cabletv;2016;1050359
Others;longdistance;2016;7779788
Others;data;2016;14842349
Others;others;2016;20651653
Others;landline;2016;22359269
Others;internet;2016;70863624
Others;cabletv;2016;206047
Others;cabletv;2016;529297
Others;cabletv;2016;36635
Others;cabletv;2016;3786288
Others;cabletv;2016;1238571
Others;payphone;2016;6515719
Others;longdistance;2016;48806
Others;others;2016;3770
Others;cabletv;2016;1935273
Others;cabletv;2016;426815
Others;cabletv;2016;71070
Others;cabletv;2016;79131
Others;cabletv;2016;11106314
Others;others;2016;1631246
Others;mobile;2016;12377816
Others;cabletv;2016;81312
Others;cabletv;2016;98949
Others;others;2016;4314
Others;cabletv;2016;423005
Others;cabletv;2016;71976
Others;cabletv;2016;488369
PeruTel;others;2016;48217937
PeruTel;longdistance;2016;65282000
PeruTel;payphone;2016;174260000
PeruTel;connection;2016;510811000
PeruTel;landline;2016;580671000
PeruTel;devices;2016;581321000
PeruTel;data;2016;733651000
PeruTel;cabletv;2016;1081254000
PeruTel;internet;2016;1389487000
PeruTel;mobile;2016;4207799063
Others;cabletv;2016;142677
Others;cabletv;2016;446404
Others;cabletv;2016;49486
Others;others;2016;19168
Others;cabletv;2016;185152
Others;cabletv;2016;67958
Others;cabletv;2016;529252
Others;devices;2016;114695
Others;internet;2016;400193
Others;mobile;2016;498298
Others;landline;2016;4783
Others;mobile;2016;8730
Others;internet;2016;14852
Others;devices;2016;17048
Others;payphone;2016;26567
Others;data;2016;2790768
Others;internet;2016;243193
OrientTel;landline;2016;26080
OrientTel;longdistance;2016;401237
OrientTel;internet;2016;3737946
OrientTel;data;2016;15182463
OrientTel;devices;2016;81912100
OrientTel;connection;2016;135198497
OrientTel;mobile;2016;262032521
Others;others;2016;4551
Others;cabletv;2016;2136712
Others;cabletv;2016;326931
Others;cabletv;2016;41953
Others;internet;2016;354945
Others;data;2016;895075
Others;payphone;2016;219466
Others;internet;2016;508758
Others;landline;2016;1355601
Others;internet;2016;46633
Others;internet;2016;3160
Others;landline;2016;42812
Others;devices;2016;524701
Others;others;2016;2941373
Others;data;2016;11030575
Others;cabletv;2017;60846
Others;internet;2017;88003
Others;cabletv;2017;1328895
ComTel;payphone;2017;3785459
ComTel;longdistance;2017;6303504
ComTel;landline;2017;132511671
ComTel;data;2017;161439382
ComTel;cabletv;2017;184147076
ComTel;internet;2017;350716688
ComTel;others;2017;426160604
ComTel;connection;2017;512153123
ComTel;devices;2017;748594095
ComTel;mobile;2017;3202812199
Others;payphone;2017;757
Others;devices;2017;176267
Others;connection;2017;5259165
Others;landline;2017;14074118
Others;others;2017;17018971
Others;data;2017;18929249
Others;longdistance;2017;25693332
Others;internet;2017;50426460
Others;landline;2017;64
Others;cabletv;2017;106
Others;payphone;2017;578
Others;longdistance;2017;2256
Others;internet;2017;72190
Others;others;2017;408684
Others;cabletv;2017;74290
Others;cabletv;2017;1001697
Others;connection;2017;63368
Others;payphone;2017;107076
Others;landline;2017;909729
Others;cabletv;2017;148386
Others;internet;2017;153493
Others;data;2017;21125053
Others;internet;2017;10992153
Others;data;2017;13979721
Others;internet;2017;1263344
Others;data;2017;9776503
Others;others;2017;11872763
Others;cabletv;2017;447579
Others;cabletv;2017;120621
Others;cabletv;2017;2243213
Others;others;2017;76599
Others;cabletv;2017;649263
Others;cabletv;2017;1988440
Others;devices;2017;23472
Others;cabletv;2017;751357
Others;cabletv;2017;53643
Others;cabletv;2017;551690
Others;cabletv;2017;57302
Others;cabletv;2017;648375
Others;cabletv;2017;67062
Others;cabletv;2017;1008052
Others;others;2017;238136
Others;others;2017;67638
Others;internet;2017;80789
Others;cabletv;2017;3688727
Others;others;2017;794535
Others;others;2017;273896
Others;cabletv;2017;10057670
Others;others;2017;521683
Others;others;2017;336271
Others;others;2017;500
Others;cabletv;2017;789699
Others;cabletv;2017;442168
Others;internet;2017;238453
Others;cabletv;2017;6813042
Others;others;2017;8230659
Others;cabletv;2017;28545336
Others;cabletv;2017;170154
Others;cabletv;2017;107098
Others;others;2017;279327
Others;landline;2017;6399101
Others;longdistance;2017;18212825
Others;data;2017;23736473
Others;internet;2017;102418090
Others;cabletv;2017;49840
Others;cabletv;2017;250000
Others;devices;2017;197739
Others;data;2017;1571804
Others;landline;2017;10126
Others;data;2017;27487
Others;devices;2017;42990
Others;others;2017;195273
Others;internet;2017;1200444
Others;others;2017;8105
Others;landline;2017;40060
Others;internet;2017;86799
Others;others;2017;164153
Others;cabletv;2017;6947647
Others;cabletv;2017;3226268
Others;cabletv;2017;122016
Others;devices;2017;9195
Others;data;2017;65363
Others;data;2017;165418
Others;longdistance;2017;905360
Others;landline;2017;2279234
Others;internet;2017;2287300
Others;connection;2017;5250810
Others;cabletv;2017;86718
Others;internet;2017;128430
Others;cabletv;2017;486401
QuickTV;others;2017;6182656
QuickTV;devices;2017;68301469
QuickTV;cabletv;2017;221087868
Others;cabletv;2017;2555754
Others;devices;2017;4668237
Others;mobile;2017;7278487
Others;cabletv;2017;25725
Others;cabletv;2017;3000
SurTel;landline;2017;905092
SurTel;data;2017;3574251
SurTel;internet;2017;40476854
SurTel;others;2017;46318194
SurTel;connection;2017;329861875
SurTel;devices;2017;424509806
SurTel;mobile;2017;1432586927
Others;others;2017;261257
Others;data;2017;7281775
Others;landline;2017;757630
Others;internet;2017;23322597
Others;data;2017;27543766
Others;cabletv;2017;65051
Others;cabletv;2017;7932
Others;cabletv;2017;94987
Others;cabletv;2017;57840
Others;connection;2017;75252
Others;longdistance;2017;600674
Others;devices;2017;610731
Others;others;2017;2860599
Others;landline;2017;2897037
Others;payphone;2017;9342516
Others;internet;2017;21835026
Others;devices;2017;503244
Others;data;2017;1810873
Others;others;2017;2369452
Others;internet;2017;8426675
Others;cabletv;2017;95129
Others;cabletv;2017;1381265
Others;internet;2017;17648
Others;others;2017;188801
Others;cabletv;2017;1334419
Others;others;2017;173039
Others;cabletv;2017;3860805
Others;others;2017;1154
Others;connection;2017;677538
Others;mobile;2017;1329348
Others;others;2017;510
Others;landline;2017;49005
Others;cabletv;2017;108827
Others;internet;2017;2524022
Others;data;2017;28754148
Others;others;2017;38278630
Others;cabletv;2017;159517
Others;cabletv;2017;504917
Others;cabletv;2017;355944
Others;cabletv;2017;552819
Others;cabletv;2017;7885
Others;internet;2017;100943
Others;others;2017;526459
Others;cabletv;2017;2798536
Others;cabletv;2017;166971
Others;cabletv;2017;91520
Others;cabletv;2017;122103
Others;data;2017;1528548
Others;cabletv;2017;26792
Others;cabletv;2017;66899
Others;cabletv;2017;1660031
Others;internet;2017;297465
Others;cabletv;2017;1645423
Others;others;2017;565648
Others;devices;2017;900874
Others;landline;2017;1048944
Others;longdistance;2017;3494694
Others;data;2017;3962285
Others;internet;2017;10655520
Others;others;2017;12660844
Others;landline;2017;1229
Others;payphone;2017;8786
Others;others;2017;239312
Others;devices;2017;2026492
Others;internet;2017;9142403
Others;mobile;2017;12096491
Others;devices;2017;173654
Others;cabletv;2017;1494292
Others;landline;2017;620616
Others;longdistance;2017;9487228
Others;others;2017;15352444
Others;data;2017;17904522
Others;internet;2017;74360980
Others;cabletv;2017;206011
Others;cabletv;2017;345364
Others;cabletv;2017;36715
Others;others;2017;132744
Others;cabletv;2017;3588713
Others;cabletv;2017;1166195
Others;payphone;2017;9280166
Others;longdistance;2017;46999
Others;others;2017;197899
Others;cabletv;2017;205420
Others;cabletv;2017;1286552
Others;others;2017;1327057
Others;cabletv;2017;214589
Others;data;2017;6106463
Others;cabletv;2017;175237
Others;cabletv;2017;65551
Others;cabletv;2017;73837
Others;cabletv;2017;11237009
Others;others;2017;1410064
Others;mobile;2017;10651138
Others;cabletv;2017;105705
Others;cabletv;2017;86602
Others;cabletv;2017;57642
Others;cabletv;2017;5670
Others;others;2017;315
Others;internet;2017;8943
Others;cabletv;2017;29014
Others;cabletv;2017;2022232
Others;cabletv;2017;526405
PeruTel;longdistance;2017;47426626
PeruTel;payphone;2017;94450185
PeruTel;others;2017;146710000
PeruTel;landline;2017;549588401
PeruTel;data;2017;570407000
PeruTel;connection;2017;680399000
PeruTel;devices;2017;987641000
PeruTel;cabletv;2017;1151089115
PeruTel;internet;2017;1326926674
PeruTel;mobile;2017;2886245000
Others;others;2017;2077
Others;cabletv;2017;94756
Others;cabletv;2017;193835
Others;cabletv;2017;482281
Others;cabletv;2017;57440
Others;others;2017;3322
Others;devices;2017;10543
Others;cabletv;2017;68911
Others;cabletv;2017;256017
Others;cabletv;2017;464775
Others;cabletv;2017;30570
Others;data;2017;2964398
Others;internet;2017;52352
OrientTel;others;2017;80001
OrientTel;landline;2017;300041
OrientTel;longdistance;2017;822069
OrientTel;internet;2017;8637510
OrientTel;data;2017;21750843
OrientTel;devices;2017;143032411
OrientTel;connection;2017;229403144
OrientTel;mobile;2017;462604981
Others;others;2017;4018
Others;cabletv;2017;2253193
Others;cabletv;2017;321707
Others;cabletv;2017;492605
Others;cabletv;2017;38835
Others;payphone;2017;132010
Others;internet;2017;424979
Others;landline;2017;1251755
Others;internet;2017;62147
Others;landline;2017;19724
Others;devices;2017;176210
Others;others;2017;648951
Others;data;2017;2614092
Others;cabletv;2018;61415
Others;internet;2018;93217
Others;cabletv;2018;1261745
ComTel;payphone;2018;2757161
ComTel;longdistance;2018;6750328
ComTel;landline;2018;155112266
ComTel;data;2018;168747298
ComTel;cabletv;2018;182410819
ComTel;connection;2018;326187316
ComTel;internet;2018;331387323
ComTel;others;2018;737348894
ComTel;devices;2018;1188746200
ComTel;mobile;2018;2756776164
Others;payphone;2018;191
Others;devices;2018;157311
Others;connection;2018;4579415
Others;landline;2018;17056458
Others;longdistance;2018;17229791
Others;data;2018;18213021
Others;others;2018;19070697
Others;internet;2018;48379115
Others;landline;2018;64
Others;cabletv;2018;106
Others;payphone;2018;578
Others;longdistance;2018;2256
Others;internet;2018;72190
Others;others;2018;851298
Others;cabletv;2018;87862
Others;cabletv;2018;1001697
Others;connection;2018;70178
Others;payphone;2018;96839
Others;landline;2018;1003516
Others;cabletv;2018;159513
Others;internet;2018;66434
Others;devices;2018;188700
Others;data;2018;22328156
Others;internet;2018;17124463
Others;data;2018;14322448
Others;internet;2018;1227327
Others;data;2018;9150337
Others;others;2018;14448424
Others;cabletv;2018;480838
Others;cabletv;2018;152020
Others;cabletv;2018;2463672
Others;cabletv;2018;544273
Others;cabletv;2018;1065116
Others;devices;2018;42949
Others;cabletv;2018;846850
Others;cabletv;2018;64129
Others;cabletv;2018;473574
Others;cabletv;2018;58135
Others;cabletv;2018;808503
Others;cabletv;2018;91598
Others;cabletv;2018;967408
Others;internet;2018;1155759
Others;cabletv;2018;18503221
Others;others;2018;148308
Others;cabletv;2018;9982438
Others;cabletv;2018;932574
Others;cabletv;2018;363267
Others;cabletv;2018;428917
Others;internet;2018;339784
Others;cabletv;2018;6974195
Others;others;2018;8471106
Others;cabletv;2018;27313721
Others;cabletv;2018;182507
Others;cabletv;2018;147835
Others;others;2018;1668594
Others;landline;2018;7653065
Others;longdistance;2018;21781800
Others;data;2018;34542976
Others;internet;2018;124463812
Others;cabletv;2018;49400
Others;cabletv;2018;207005
Others;devices;2018;406485
Others;data;2018;1606706
Others;landline;2018;763
Others;others;2018;30706
Others;data;2018;40845
Others;devices;2018;47476
Others;internet;2018;358262
Others;others;2018;7064
Others;landline;2018;32023
Others;internet;2018;78252
Others;others;2018;109167
Others;cabletv;2018;7197742
Others;cabletv;2018;3226268
Others;cabletv;2018;122968
Others;devices;2018;18229
Others;data;2018;65507
Others;data;2018;198168
Others;longdistance;2018;609375
Others;landline;2018;1718789
Others;internet;2018;2674765
Others;connection;2018;4432939
Others;cabletv;2018;83056
QuickTV;others;2018;15782102
QuickTV;devices;2018;80736705
QuickTV;cabletv;2018;271307193
Others;cabletv;2018;2322353
Others;devices;2018;4306026
Others;mobile;2018;8759182
Others;cabletv;2018;9165673
Others;cabletv;2018;23005
Others;cabletv;2018;3000
SurTel;landline;2018;1142471
SurTel;data;2018;5256286
SurTel;others;2018;14262252
SurTel;internet;2018;74104838
SurTel;connection;2018;192171526
SurTel;devices;2018;612988835
SurTel;mobile;2018;1546983793
Others;data;2018;5662236
Others;landline;2018;881169
Others;data;2018;12988748
Others;internet;2018;27529416
Others;cabletv;2018;1772
Others;cabletv;2018;47321
Others;cabletv;2018;354567
Others;cabletv;2018;7932
Others;cabletv;2018;162268
Others;cabletv;2018;57840
Others;data;2018;518314
Others;others;2018;1336526
Others;devices;2018;71472
Others;connection;2018;75001
Others;longdistance;2018;507412
Others;others;2018;609305
Others;landline;2018;2245601
Others;payphone;2018;5001350
Others;internet;2018;21105068
Others;landline;2018;563859
Others;longdistance;2018;1300061
Others;devices;2018;1360985
Others;others;2018;5363157
Others;data;2018;5691969
Others;internet;2018;15314724
Others;cabletv;2018;147415
Others;cabletv;2018;1252311
Others;internet;2018;60698
Others;others;2018;114206
Others;cabletv;2018;4882788
Others;others;2018;183237
Others;cabletv;2018;4119237
Others;connection;2018;63629
Others;mobile;2018;725356
Others;others;2018;788834
Others;landline;2018;227302
Others;cabletv;2018;152465
Others;internet;2018;2956806
Others;data;2018;28383553
Others;others;2018;41363314
Others;cabletv;2018;138823
Others;cabletv;2018;640567
Others;cabletv;2018;389175
Others;cabletv;2018;522969
Others;cabletv;2018;8490
Others;internet;2018;236186
Others;others;2018;237089
Others;cabletv;2018;6917953
Others;cabletv;2018;164235
Others;cabletv;2018;80142
Others;cabletv;2018;203867
Others;data;2018;4638167
Others;cabletv;2018;39003
Others;cabletv;2018;53094
Others;cabletv;2018;1660031
Others;internet;2018;964590
Others;cabletv;2018;1215918
Others;devices;2018;283806
Others;landline;2018;502669
Others;others;2018;529342
Others;longdistance;2018;1112694
Others;data;2018;2155952
Others;internet;2018;5352290
Others;others;2018;17428151
Others;longdistance;2018;592
Others;internet;2018;4397294
Others;mobile;2018;5550706
Others;devices;2018;6418366
Others;devices;2018;200279
Others;cabletv;2018;1237118
Others;landline;2018;1591817
Others;devices;2018;4950666
Others;longdistance;2018;7964807
Others;others;2018;17394750
Others;data;2018;22836317
Others;internet;2018;81690421
Others;cabletv;2018;248644
Others;cabletv;2018;38875
Others;cabletv;2018;3506002
Others;cabletv;2018;1081047
Others;payphone;2018;16284697
Others;longdistance;2018;47360
Others;cabletv;2018;176986
Others;others;2018;1561417
Others;cabletv;2018;1867501
Others;cabletv;2018;267846
Others;data;2018;6106463
Others;cabletv;2018;106956
Others;cabletv;2018;64530
Others;cabletv;2018;74398
Others;others;2018;1384796
Others;mobile;2018;10397038
Others;cabletv;2018;178051
Others;cabletv;2018;106403
Others;cabletv;2018;57642
Others;cabletv;2018;12135
Others;others;2018;36385
Others;cabletv;2018;118375
Others;cabletv;2018;2022232
Others;cabletv;2018;459029
PeruTel;longdistance;2018;41843999
PeruTel;payphone;2018;68238352
PeruTel;others;2018;142417000
PeruTel;connection;2018;501105000
PeruTel;landline;2018;547996237
PeruTel;data;2018;605903000
PeruTel;devices;2018;1124064000
PeruTel;cabletv;2018;1195907646
PeruTel;internet;2018;1293946766
PeruTel;mobile;2018;2580715000
Others;cabletv;2018;196761
Others;cabletv;2018;506514
Others;cabletv;2018;57440
Others;cabletv;2018;244526
Others;cabletv;2018;913374
Others;cabletv;2018;52440
Others;data;2018;3616743
Others;internet;2018;52352
OrientTel;longdistance;2018;73310
OrientTel;landline;2018;101789
OrientTel;others;2018;249322
OrientTel;internet;2018;2426770
OrientTel;data;2018;57589447
OrientTel;devices;2018;120692290
OrientTel;connection;2018;178915955
OrientTel;mobile;2018;698048117
Others;others;2018;3861
Others;cabletv;2018;2203218
Others;cabletv;2018;286743
Others;cabletv;2018;520670
Others;cabletv;2018;34325
Others;landline;2018;6205
Others;internet;2018;1908950
Others;internet;2018;128734
Others;payphone;2018;146556
Others;landline;2018;487446
Others;internet;2018;63619
Others;landline;2018;58446
Others;devices;2018;207099
Others;others;2018;1561239
Others;data;2018;10431646
Others;cabletv;2019;64302
Others;internet;2019;95956
Others;cabletv;2019;1268682
ComTel;payphone;2019;1464685
ComTel;longdistance;2019;5607496
ComTel;landline;2019;152170823
ComTel;data;2019;162546449
ComTel;connection;2019;174285375
ComTel;cabletv;2019;182582601
ComTel;internet;2019;350182580
ComTel;others;2019;966972347
ComTel;devices;2019;1431809132
ComTel;mobile;2019;2663221219
Others;connection;2019;6733023
Others;longdistance;2019;13218476
Others;landline;2019;14111433
Others;others;2019;22880857
Others;data;2019;34695725
Others;internet;2019;42476486
Others;others;2019;851298
Others;cabletv;2019;85010
Others;payphone;2019;61280
Others;connection;2019;75253
Others;landline;2019;1059833
Others;cabletv;2019;187912
Others;devices;2019;184571
Others;data;2019;20439474
Others;internet;2019;21048301
Others;data;2019;12822259
Others;others;2019;57288
Others;cabletv;2019;24628651
Others;devices;2019;391239
Others;internet;2019;924147
Others;others;2019;8052781
Others;data;2019;9899738
Others;cabletv;2019;292409
Others;cabletv;2019;152020
Others;cabletv;2019;109528
Others;cabletv;2019;1385827
Others;devices;2019;1517
Others;cabletv;2019;716114
Others;cabletv;2019;76511
Others;cabletv;2019;1715026
Others;cabletv;2019;443995
Others;cabletv;2019;59445
Others;cabletv;2019;214199
Others;cabletv;2019;91598
Others;cabletv;2019;815831
Others;internet;2019;1232665
Others;cabletv;2019;16376838
Others;cabletv;2019;9215079
Others;cabletv;2019;647228
Others;cabletv;2019;1729793
Others;others;2019;29786
Others;cabletv;2019;376929
Others;internet;2019;433369
Others;cabletv;2019;6844803
Others;others;2019;8153
Others;cabletv;2019;152517
Others;cabletv;2019;301877
Others;cabletv;2019;147835
Others;landline;2019;13386402
Others;data;2019;30077321
Others;longdistance;2019;38099761
Others;others;2019;60229033
Others;internet;2019;92201419
Others;cabletv;2019;49400
Others;internet;2019;14784
Others;cabletv;2019;232325
Others;devices;2019;728089
Others;data;2019;6419663
Others;devices;2019;4386
Others;others;2019;10465
Others;data;2019;28745
Others;internet;2019;121204
Others;internet;2019;61855
Others;cabletv;2019;6662495
Others;cabletv;2019;3226268
Others;cabletv;2019;124585
Others;devices;2019;14890
Others;data;2019;68936
Others;data;2019;313750
Others;longdistance;2019;431805
Others;landline;2019;1640234
Others;internet;2019;2891393
Others;connection;2019;4911081
Others;cabletv;2019;44340
Others;cabletv;2019;61947
QuickTV;others;2019;7055599
QuickTV;devices;2019;87215914
QuickTV;cabletv;2019;308580488
Others;cabletv;2019;2128462
Others;mobile;2019;8547785
Others;devices;2019;8942264
Others;internet;2019;1916245
Others;data;2019;3371412
Others;cabletv;2019;12382226
Others;cabletv;2019;1457351
Others;data;2019;117075
Others;cabletv;2019;3111060
Others;cabletv;2019;18485
Others;cabletv;2019;3000
SurTel;landline;2019;997835
SurTel;data;2019;6431221
SurTel;others;2019;31679227
SurTel;internet;2019;89930610
SurTel;connection;2019;93245842
SurTel;devices;2019;928608437
SurTel;mobile;2019;1602946828
Others;data;2019;2229761
Others;landline;2019;881169
Others;data;2019;16756968
Others;internet;2019;27227079
Others;internet;2019;56186
Others;cabletv;2019;132517
Others;cabletv;2019;27180
Others;cabletv;2019;345568
Others;devices;2019;288124
Others;mobile;2019;493709
Others;cabletv;2019;7932
Others;cabletv;2019;118928
Others;internet;2019;92160
Others;cabletv;2019;332977
Others;others;2019;1440526
Others;data;2019;8870627
Others;connection;2019;47993
Others;devices;2019;116928
Others;longdistance;2019;323022
Others;others;2019;1532101
Others;landline;2019;1596250
Others;payphone;2019;2215795
Others;internet;2019;19797410
Others;landline;2019;968166
Others;devices;2019;1416342
Others;longdistance;2019;1893362
Others;others;2019;6164981
Others;data;2019;8572405
Others;internet;2019;20236657
Others;mobile;2019;17418
Others;cabletv;2019;164762
Others;cabletv;2019;1252311
Others;internet;2019;109166
Others;cabletv;2019;4210917
Others;others;2019;113132
Others;cabletv;2019;4111279
Others;others;2019;1298026
Others;devices;2019;2225954
Others;internet;2019;3681430
Others;longdistance;2019;6873
Others;connection;2019;103707
Others;mobile;2019;158809
Others;others;2019;3619329
Others;data;2019;5647897
Others;cabletv;2019;181646
Others;internet;2019;4640366
Others;data;2019;26155778
Others;others;2019;49320772
Others;cabletv;2019;165107
Others;cabletv;2019;619662
Others;cabletv;2019;396491
Others;cabletv;2019;374315
Others;cabletv;2019;8490
Others;others;2019;125085
Others;cabletv;2019;7742868
Others;cabletv;2019;180350
Others;cabletv;2019;82380
Others;cabletv;2019;278480
Others;data;2019;3764093
Others;cabletv;2019;38453
Others;cabletv;2019;4757650
Others;cabletv;2019;66895
Others;internet;2019;809171
Others;cabletv;2019;1111087
Others;data;2019;132892
Others;cabletv;2019;713111
Others;others;2019;18308936
Others;devices;2019;2098770
Others;mobile;2019;3823408
Others;internet;2019;3962198
Others;devices;2019;60139
Others;cabletv;2019;1207049
Others;landline;2019;2465160
Others;longdistance;2019;7922909
Others;devices;2019;9035221
Others;others;2019;18872476
Others;data;2019;26263038
Others;internet;2019;84424621
Others;cabletv;2019;273405
Others;cabletv;2019;1271
Others;internet;2019;1406865
Others;cabletv;2019;37575
Others;others;2019;80881
Others;cabletv;2019;3270759
Others;cabletv;2019;1188931
Others;payphone;2019;25646207
Others;longdistance;2019;48142
Others;cabletv;2019;1638743
Others;cabletv;2019;176986
Others;others;2019;1381452
Others;cabletv;2019;2330737
Others;cabletv;2019;701924
Others;cabletv;2019;92700
Others;cabletv;2019;34000
Others;cabletv;2019;66864
Others;cabletv;2019;73032
Others;others;2019;1187263
Others;mobile;2019;10114249
Others;cabletv;2019;308096
Others;cabletv;2019;91712
Others;cabletv;2019;1141608
Others;cabletv;2019;12135
Others;cabletv;2019;2884554
Others;cabletv;2019;178458
Others;cabletv;2019;2755960
Others;cabletv;2019;454490
PeruTel;longdistance;2019;33191785
PeruTel;payphone;2019;46160106
PeruTel;connection;2019;183279218
PeruTel;others;2019;228165658
PeruTel;landline;2019;430692335
PeruTel;data;2019;713309644
PeruTel;devices;2019;1154525425
PeruTel;cabletv;2019;1222446938
PeruTel;internet;2019;1385710112
PeruTel;mobile;2019;2482298913
PeruTel;connection;2019;1665917
PeruTel;internet;2019;2501830
PeruTel;others;2019;23014263
PeruTel;data;2019;44660113
Others;cabletv;2019;390458
Others;cabletv;2019;194509
Others;cabletv;2019;46245
Others;cabletv;2019;506514
Others;cabletv;2019;5864700
Others;cabletv;2019;350419
Others;cabletv;2019;913374
Others;others;2019;261351
Others;data;2019;2049755
Others;cabletv;2019;52440
Others;data;2019;23867
Others;data;2019;3452668
OrientTel;landline;2019;59158
OrientTel;longdistance;2019;340330
OrientTel;internet;2019;3626910
OrientTel;others;2019;22015796
OrientTel;data;2019;86069837
OrientTel;devices;2019;102814561
OrientTel;connection;2019;128738687
OrientTel;mobile;2019;859124525
Others;others;2019;3485
Others;cabletv;2019;2183122
Others;cabletv;2019;250535
Others;cabletv;2019;537176
Others;cabletv;2019;671817
Others;cabletv;2019;27130
Others;landline;2019;14157
Others;internet;2019;5497533
Others;internet;2019;6683
Others;payphone;2019;145113
Others;landline;2019;361719
Others;internet;2019;74786
Others;landline;2019;52415
Others;devices;2019;248531
Others;others;2019;1263290
Others;data;2019;9479838
Others;cabletv;2020;39119
Others;internet;2020;84930
Others;cabletv;2020;841520
ComTel;payphone;2020;991524
ComTel;longdistance;2020;3493115
ComTel;data;2020;128047455
ComTel;landline;2020;142319444
ComTel;connection;2020;147655338
ComTel;cabletv;2020;182139677
ComTel;others;2020;240567499
ComTel;internet;2020;480049611
ComTel;devices;2020;1097187862
ComTel;mobile;2020;2800053926
Others;connection;2020;4404624
Others;longdistance;2020;6107417
Others;landline;2020;10770286
Others;data;2020;20074127
Others;others;2020;26199571
Others;internet;2020;36186976
Others;cabletv;2020;64232
Others;payphone;2020;12732
Others;devices;2020;18231
Others;connection;2020;116781
Others;landline;2020;1057006
Others;cabletv;2020;153811
Others;internet;2020;100186
Others;devices;2020;108017
Others;data;2020;19600568
Others;internet;2020;17634270
Others;data;2020;15161958
Others;internet;2020;256041
Others;cabletv;2020;21043330
Others;internet;2020;837411
Others;others;2020;7665048
Others;data;2020;8063415
Others;cabletv;2020;254670
Others;cabletv;2020;165754
Others;cabletv;2020;72751
Others;devices;2020;33543
Others;cabletv;2020;808169
Others;cabletv;2020;1464416
Others;cabletv;2020;432033
Others;cabletv;2020;50655
Others;cabletv;2020;221782
Others;cabletv;2020;720550
Others;internet;2020;1229356
Others;cabletv;2020;14287744
Others;cabletv;2020;8335503
Others;cabletv;2020;1596342
Others;cabletv;2020;327638
Others;internet;2020;461409
Others;cabletv;2020;6086828
Others;cabletv;2020;44822
Others;landline;2020;23528076
Others;data;2020;25115508
Others;others;2020;63618305
Others;longdistance;2020;66964523
Others;internet;2020;76464047
Others;cabletv;2020;28680
Others;internet;2020;90374
Others;cabletv;2020;218325
Others;devices;2020;409473
Others;data;2020;5779381
Others;cabletv;2020;57095
Others;internet;2020;80662
Others;cabletv;2020;5665565
Others;cabletv;2020;90613
Others;devices;2020;932
Others;data;2020;51286
Others;longdistance;2020;341193
Others;data;2020;487686
Others;devices;2020;1517217
Others;landline;2020;1740594
Others;internet;2020;1773610
Others;connection;2020;3693846
Others;cabletv;2020;47258
Others;cabletv;2020;85984
QuickTV;others;2020;5376992
QuickTV;devices;2020;91564805
QuickTV;cabletv;2020;311584203
Others;cabletv;2020;2197576
Others;devices;2020;7418625
Others;mobile;2020;8523992
Others;internet;2020;2764996
Others;cabletv;2020;8318009
Others;data;2020;18168414
Others;internet;2020;154435
Others;cabletv;2020;1222758
Others;data;2020;419789
Others;internet;2020;472312
Others;cabletv;2020;3459437
Others;data;2020;3450879
Others;cabletv;2020;1000
SurTel;landline;2020;1173965
SurTel;data;2020;5911379
SurTel;others;2020;14725290
SurTel;connection;2020;82658032
SurTel;internet;2020;127878943
SurTel;devices;2020;813817649
SurTel;mobile;2020;1754433742
Others;data;2020;17700867
Others;internet;2020;28050528
Others;cabletv;2020;256579
Others;mobile;2020;5335818
Others;cabletv;2020;216149
Others;devices;2020;89660
Others;mobile;2020;1556930
Others;cabletv;2020;7932
Others;cabletv;2020;84000
Others;internet;2020;86220
Others;cabletv;2020;314488
Others;internet;2020;2248896
Others;others;2020;11133294
Others;data;2020;19019949
Others;others;2020;2341
Others;connection;2020;7538
Others;devices;2020;9649
Others;longdistance;2020;18619
Others;payphone;2020;56042
Others;landline;2020;243683
Others;internet;2020;10100399
Others;mobile;2020;303465
Others;landline;2020;1028243
Others;longdistance;2020;1446159
Others;devices;2020;2448151
Others;data;2020;9169311
Others;others;2020;11972766
Others;internet;2020;21146310
Others;mobile;2020;1524073
Others;cabletv;2020;162300
Others;internet;2020;151147
Others;cabletv;2020;3444869
Others;others;2020;186907
Others;cabletv;2020;4022126
Others;others;2020;4409389
Others;devices;2020;10538554
Others;internet;2020;17435516
Others;connection;2020;12332
Others;longdistance;2020;12429
Others;mobile;2020;105060
Others;data;2020;10224303
Others;others;2020;16471832
Others;landline;2020;260449
Others;cabletv;2020;147050
Others;internet;2020;3642558
Others;data;2020;23192686
Others;others;2020;65404842
Others;cabletv;2020;106101
Others;cabletv;2020;609486
Others;cabletv;2020;360383
Others;cabletv;2020;309875
Others;internet;2020;236186
Others;others;2020;237089
Others;cabletv;2020;7017346
Others;cabletv;2020;172535
Others;cabletv;2020;84475
Others;cabletv;2020;255484
Others;data;2020;2962368
Others;internet;2020;236186
Others;data;2020;631012
Others;cabletv;2020;42680
Others;cabletv;2020;3591977
Others;cabletv;2020;67192
Others;internet;2020;128834
Others;cabletv;2020;1636607
Others;others;2020;31176
Others;data;2020;277531
Others;cabletv;2020;555233
Others;others;2020;18823053
Others;internet;2020;384
Others;devices;2020;2029
Others;devices;2020;78734
Others;cabletv;2020;1364743
Others;landline;2020;2549472
Others;longdistance;2020;7053939
Others;devices;2020;10639275
Others;others;2020;19688739
Others;data;2020;25891691
Others;internet;2020;79040092
Others;cabletv;2020;233807
Others;internet;2020;3705578
Others;others;2020;600
Others;cabletv;2020;28910
Others;cabletv;2020;1017948
Others;cabletv;2020;1457416
Others;payphone;2020;29574230
Others;longdistance;2020;50480
Others;cabletv;2020;2004623
Others;cabletv;2020;12515
Others;others;2020;2256537
Others;cabletv;2020;3163328
Others;cabletv;2020;211104
Others;cabletv;2020;98850
Others;cabletv;2020;36719
Others;cabletv;2020;42945
Others;cabletv;2020;44212
Others;others;2020;752112
Others;mobile;2020;8544101
Others;cabletv;2020;1065144
Others;cabletv;2020;148205
Others;cabletv;2020;2413099
Others;internet;2020;11864
Others;cabletv;2020;578457
PeruTel;payphone;2020;16024653
PeruTel;longdistance;2020;29781631
PeruTel;others;2020;129046509
PeruTel;connection;2020;156354029
PeruTel;landline;2020;240849789
PeruTel;data;2020;509525829
PeruTel;devices;2020;646561050
PeruTel;cabletv;2020;1203231445
PeruTel;internet;2020;1332898805
PeruTel;mobile;2020;2312389261
Others;cabletv;2020;298905
Others;cabletv;2020;41734
Others;cabletv;2020;452517
Others;cabletv;2020;5413537
Others;cabletv;2020;294191
Others;data;2020;2827243
Others;data;2020;68115
Others;data;2020;1419606
OrientTel;longdistance;2020;1012
OrientTel;landline;2020;24636
OrientTel;others;2020;43109975
OrientTel;data;2020;57896167
OrientTel;devices;2020;60321731
OrientTel;internet;2020;60926201
OrientTel;connection;2020;103187036
OrientTel;mobile;2020;916807868
Others;others;2020;2480
Others;cabletv;2020;2978086
Others;cabletv;2020;192235
Others;cabletv;2020;577773
Others;cabletv;2020;550334
Others;cabletv;2020;24259
Others;cabletv;2020;9490
Others;landline;2020;6657
Others;internet;2020;11211893
Others;internet;2020;23273
Others;cabletv;2020;71291
Others;payphone;2020;145193
Others;landline;2020;402049
Others;internet;2020;70952
Others;others;2020;1412
Others;landline;2020;30797
Others;internet;2020;1003665
Others;landline;2020;63690
Others;devices;2020;282152
Others;others;2020;2049276
Others;data;2020;8774787
Others;cabletv;2021;51543
Others;cabletv;2021;1329650
ComTel;payphone;2021;568725
ComTel;longdistance;2021;2020746
ComTel;data;2021;126215990
ComTel;connection;2021;135878492
ComTel;landline;2021;139653938
ComTel;cabletv;2021;188381094
ComTel;others;2021;217339602
ComTel;internet;2021;629023113
ComTel;devices;2021;1712717095
ComTel;mobile;2021;3079294945
Others;longdistance;2021;1866450
Others;landline;2021;3447745
Others;others;2021;3651526
Others;connection;2021;8843870
Others;data;2021;14843982
Others;internet;2021;25262626
Others;cabletv;2021;94561
Others;payphone;2021;6038
Others;devices;2021;26581
Others;connection;2021;181180
Others;landline;2021;1196130
Others;cabletv;2021;171094
Others;internet;2021;230344
Others;data;2021;18119881
Others;internet;2021;18467918
Others;internet;2021;4500734
Others;internet;2021;176490
Others;cabletv;2021;25210229
Others;internet;2021;1353840
Others;others;2021;3620473
Others;data;2021;4646395
Others;devices;2021;71351
Others;data;2021;433274
Others;cabletv;2021;316624
Others;internet;2021;2657130
Others;cabletv;2021;3040784
Others;cabletv;2021;61457
Others;devices;2021;7769
Others;cabletv;2021;584438
Others;cabletv;2021;1055576
Others;cabletv;2021;419670
Others;cabletv;2021;71711
Others;cabletv;2021;228667
Others;cabletv;2021;869292
Others;internet;2021;2487426
Others;cabletv;2021;14284209
Others;cabletv;2021;9115563
Others;cabletv;2021;379307
Others;internet;2021;403689
Others;cabletv;2021;1763460
Others;cabletv;2021;382653
Others;internet;2021;785420
Others;cabletv;2021;6437029
Others;cabletv;2021;67466
Others;landline;2021;26079100
Others;data;2021;30011044
Others;others;2021;72800924
Others;longdistance;2021;74225131
Others;internet;2021;78788913
Others;cabletv;2021;19100
Others;internet;2021;538517
Others;cabletv;2021;214525
Others;devices;2021;815360
Others;data;2021;5704754
Others;internet;2021;531166
Others;internet;2021;96048
Others;cabletv;2021;5734908
Others;cabletv;2021;112483
Others;devices;2021;30244
Others;data;2021;39381
Others;longdistance;2021;255246
Others;devices;2021;436418
Others;data;2021;714776
Others;internet;2021;2074718
Others;landline;2021;2210490
Others;connection;2021;5215415
Others;cabletv;2021;48300
Others;cabletv;2021;97911
Others;devices;2021;1986
Others;internet;2021;28314
Others;others;2021;6906911
QuickTV;others;2021;14675920
QuickTV;devices;2021;100034744
QuickTV;cabletv;2021;333548809
Others;cabletv;2021;3056990
Others;mobile;2021;9846321
Others;devices;2021;13983965
Others;internet;2021;5976592
Others;cabletv;2021;7916429
Others;data;2021;17443283
Others;internet;2021;657225
Others;cabletv;2021;1590767
Others;data;2021;364223
Others;internet;2021;2070551
Others;cabletv;2021;4918289
Others;cabletv;2021;15835
Others;data;2021;27594116
Others;cabletv;2021;1000
SurTel;landline;2021;1916657
SurTel;data;2021;7335278
SurTel;others;2021;28180919
SurTel;connection;2021;85185516
SurTel;internet;2021;113424703
SurTel;devices;2021;1666424167
SurTel;mobile;2021;2038114195
Others;data;2021;20029902
Others;internet;2021;40047347
Others;mobile;2021;2569850
Others;devices;2021;34188
Others;mobile;2021;806570
Others;cabletv;2021;7932
Others;cabletv;2021;104068
Others;internet;2021;119970
Others;cabletv;2021;251040
Others;internet;2021;1895055
Others;others;2021;3029923
Others;data;2021;8856224
Others;connection;2021;2288
Others;payphone;2021;19438
Others;devices;2021;88335
Others;landline;2021;98302
Others;others;2021;180244
Others;internet;2021;208116
Others;data;2021;3898023
Others;landline;2021;1015693
Others;longdistance;2021;1109084
Others;devices;2021;5289433
Others;others;2021;14883542
Others;data;2021;17805119
Others;internet;2021;22990639
Others;connection;2021;187158
Others;mobile;2021;4573185
Others;internet;2021;231287
Others;cabletv;2021;3430495
Others;others;2021;396239
Others;cabletv;2021;4436431
Others;others;2021;5343889
Others;devices;2021;26268740
Others;internet;2021;43658112
Others;data;2021;13629866
Others;others;2021;20911001
Others;landline;2021;315970
Others;landline;2021;43894
Others;devices;2021;109006
Others;others;2021;6851760
Others;landline;2021;14346
Others;others;2021;2166214
Others;internet;2021;3910729
Others;data;2021;32625519
Others;others;2021;37222519
Others;cabletv;2021;519715
Others;cabletv;2021;618326
Others;cabletv;2021;393209
Others;internet;2021;2853955
Others;cabletv;2021;5412958
Others;cabletv;2021;303247
Others;others;2021;121810
Others;internet;2021;475802
Others;cabletv;2021;7813672
Others;cabletv;2021;89830
Others;cabletv;2021;340682
Others;data;2021;3313659
Others;cabletv;2021;57686
Others;cabletv;2021;3419969
Others;cabletv;2021;70431
Others;internet;2021;155535
Others;cabletv;2021;355416
Others;others;2021;186886
Others;data;2021;219500
Others;internet;2021;17490
Others;cabletv;2021;712653
Others;data;2021;112133
Others;devices;2021;192827
Others;internet;2021;1684825
Others;others;2021;4730461
Others;landline;2021;5412958
Others;others;2021;18418429
Others;devices;2021;49317
Others;cabletv;2021;1311436
Others;landline;2021;7968947
Others;longdistance;2021;8084124
Others;others;2021;25162418
Others;data;2021;26377606
Others;internet;2021;90847786
Others;cabletv;2021;221854
Others;others;2021;90
Others;cabletv;2021;29700
Others;devices;2021;921351
Others;payphone;2021;40791001
Others;cabletv;2021;2076756
Others;cabletv;2021;11485
Others;others;2021;75823
Others;cabletv;2021;2673980
Others;internet;2021;5005
Others;cabletv;2021;242280
Others;cabletv;2021;108000
Others;cabletv;2021;63636
Others;cabletv;2021;43051
Others;cabletv;2021;65626
Others;others;2021;157834
Others;cabletv;2021;1122813
Others;cabletv;2021;153845
Others;cabletv;2021;2400531
PeruTel;payphone;2021;7279134
PeruTel;longdistance;2021;30368018
PeruTel;others;2021;134042855
PeruTel;connection;2021;147124900
PeruTel;landline;2021;192930595
PeruTel;data;2021;522256770
PeruTel;devices;2021;938143807
PeruTel;cabletv;2021;1216989963
PeruTel;internet;2021;1441410431
PeruTel;mobile;2021;2418669059
Others;cabletv;2021;220689
Others;cabletv;2021;123307
Others;internet;2021;1829659
Others;cabletv;2021;3560204
Others;cabletv;2021;520126
Others;cabletv;2021;6284049
Others;cabletv;2021;387554
Others;data;2021;93750
Others;data;2021;1025043
OrientTel;landline;2021;270534
OrientTel;others;2021;44471321
OrientTel;devices;2021;65717409
OrientTel;connection;2021;77780853
OrientTel;internet;2021;82255124
OrientTel;data;2021;95650989
OrientTel;mobile;2021;1063486581
Others;cabletv;2021;180080
Others;cabletv;2021;510421
Others;cabletv;2021;509604
Others;cabletv;2021;55880
Others;landline;2021;4999
Others;internet;2021;76719172
Others;internet;2021;12109
Others;cabletv;2021;83283
Others;payphone;2021;145359
Others;landline;2021;301483
Others;internet;2021;70459
Others;others;2021;108774
Others;devices;2021;340826
Others;landline;2021;540987
Others;others;2021;937340
Others;internet;2021;10063460
Others;devices;2021;92144
Others;landline;2021;94172
Others;others;2021;3909086
Others;data;2021;10130272
